사업명,기준년월,시도,수급권자수,수급가구수
기초생활보장(맞춤형급여) - 중복제거,2021-01,서울특별시,371454,272941
기초생활보장(맞춤형급여) - 중복제거,2021-01,부산광역시,197257,146044
기초생활보장(맞춤형급여) - 중복제거,2021-01,대구광역시,132049,95627
기초생활보장(맞춤형급여) - 중복제거,2021-01,인천광역시,143669,99904
기초생활보장(맞춤형급여) - 중복제거,2021-01,광주광역시,85010,56290
기초생활보장(맞춤형급여) - 중복제거,2021-01,대전광역시,67147,47239
기초생활보장(맞춤형급여) - 중복제거,2021-01,울산광역시,33528,24411
기초생활보장(맞춤형급여) - 중복제거,2021-01,세종특별자치시,7141,4837
기초생활보장(맞춤형급여) - 중복제거,2021-01,경기도,381681,274767
기초생활보장(맞춤형급여) - 중복제거,2021-01,강원도,78790,58837
기초생활보장(맞춤형급여) - 중복제거,2021-01,충청북도,69423,51389
기초생활보장(맞춤형급여) - 중복제거,2021-01,충청남도,75868,56886
기초생활보장(맞춤형급여) - 중복제거,2021-01,전라북도,115475,80872
기초생활보장(맞춤형급여) - 중복제거,2021-01,전라남도,92655,68892
기초생활보장(맞춤형급여) - 중복제거,2021-01,경상북도,125559,94786
기초생활보장(맞춤형급여) - 중복제거,2021-01,경상남도,138345,101948
기초생활보장(맞춤형급여) - 중복제거,2021-01,제주특별자치도,28895,20187
기초생활보장(맞춤형급여) - 중복제거,2021-02,서울특별시,374409,275379
기초생활보장(맞춤형급여) - 중복제거,2021-02,부산광역시,199146,147480
기초생활보장(맞춤형급여) - 중복제거,2021-02,대구광역시,133326,96563
기초생활보장(맞춤형급여) - 중복제거,2021-02,인천광역시,144871,100796
기초생활보장(맞춤형급여) - 중복제거,2021-02,광주광역시,85759,56816
기초생활보장(맞춤형급여) - 중복제거,2021-02,대전광역시,67432,47504
기초생활보장(맞춤형급여) - 중복제거,2021-02,울산광역시,33910,24723
기초생활보장(맞춤형급여) - 중복제거,2021-02,세종특별자치시,7231,4901
기초생활보장(맞춤형급여) - 중복제거,2021-02,경기도,385514,277537
기초생활보장(맞춤형급여) - 중복제거,2021-02,강원도,79384,59276
기초생활보장(맞춤형급여) - 중복제거,2021-02,충청북도,69993,51850
기초생활보장(맞춤형급여) - 중복제거,2021-02,충청남도,76626,57508
기초생활보장(맞춤형급여) - 중복제거,2021-02,전라북도,116492,81679
기초생활보장(맞춤형급여) - 중복제거,2021-02,전라남도,93341,69482
기초생활보장(맞춤형급여) - 중복제거,2021-02,경상북도,126890,95825
기초생활보장(맞춤형급여) - 중복제거,2021-02,경상남도,140043,103238
기초생활보장(맞춤형급여) - 중복제거,2021-02,제주특별자치도,29130,20340
기초생활보장(맞춤형급여) - 중복제거,2021-03,서울특별시,378123,278562
기초생활보장(맞춤형급여) - 중복제거,2021-03,부산광역시,202537,150007
기초생활보장(맞춤형급여) - 중복제거,2021-03,대구광역시,135518,98237
기초생활보장(맞춤형급여) - 중복제거,2021-03,인천광역시,146707,102086
기초생활보장(맞춤형급여) - 중복제거,2021-03,광주광역시,86726,57602
기초생활보장(맞춤형급여) - 중복제거,2021-03,대전광역시,68105,48068
기초생활보장(맞춤형급여) - 중복제거,2021-03,울산광역시,34895,25428
기초생활보장(맞춤형급여) - 중복제거,2021-03,세종특별자치시,7304,4941
기초생활보장(맞춤형급여) - 중복제거,2021-03,경기도,391437,281923
기초생활보장(맞춤형급여) - 중복제거,2021-03,강원도,80350,60185
기초생활보장(맞춤형급여) - 중복제거,2021-03,충청북도,71319,52985
기초생활보장(맞춤형급여) - 중복제거,2021-03,충청남도,78331,58906
기초생활보장(맞춤형급여) - 중복제거,2021-03,전라북도,118591,83398
기초생활보장(맞춤형급여) - 중복제거,2021-03,전라남도,95376,71380
기초생활보장(맞춤형급여) - 중복제거,2021-03,경상북도,129688,98225
기초생활보장(맞춤형급여) - 중복제거,2021-03,경상남도,142943,105489
기초생활보장(맞춤형급여) - 중복제거,2021-03,제주특별자치도,29696,20702
기초생활보장(맞춤형급여) - 중복제거,2021-04,서울특별시,383459,282677
기초생활보장(맞춤형급여) - 중복제거,2021-04,부산광역시,206335,152560
기초생활보장(맞춤형급여) - 중복제거,2021-04,대구광역시,137701,99766
기초생활보장(맞춤형급여) - 중복제거,2021-04,인천광역시,149053,103708
기초생활보장(맞춤형급여) - 중복제거,2021-04,광주광역시,88445,58735
기초생활보장(맞춤형급여) - 중복제거,2021-04,대전광역시,69358,48940
기초생활보장(맞춤형급여) - 중복제거,2021-04,울산광역시,35602,25903
기초생활보장(맞춤형급여) - 중복제거,2021-04,세종특별자치시,7408,5000
기초생활보장(맞춤형급여) - 중복제거,2021-04,경기도,398293,286757
기초생활보장(맞춤형급여) - 중복제거,2021-04,강원도,81273,60875
기초생활보장(맞춤형급여) - 중복제거,2021-04,충청북도,73001,54099
기초생활보장(맞춤형급여) - 중복제거,2021-04,충청남도,79822,60007
기초생활보장(맞춤형급여) - 중복제거,2021-04,전라북도,120924,85059
기초생활보장(맞춤형급여) - 중복제거,2021-04,전라남도,97736,73180
기초생활보장(맞춤형급여) - 중복제거,2021-04,경상북도,133062,100692
기초생활보장(맞춤형급여) - 중복제거,2021-04,경상남도,146013,107521
기초생활보장(맞춤형급여) - 중복제거,2021-04,제주특별자치도,30411,21147
기초생활보장(맞춤형급여) - 중복제거,2021-05,서울특별시,388479,286390
기초생활보장(맞춤형급여) - 중복제거,2021-05,부산광역시,208893,154391
기초생활보장(맞춤형급여) - 중복제거,2021-05,대구광역시,139628,101045
기초생활보장(맞춤형급여) - 중복제거,2021-05,인천광역시,151399,105264
기초생활보장(맞춤형급여) - 중복제거,2021-05,광주광역시,89180,59279
기초생활보장(맞춤형급여) - 중복제거,2021-05,대전광역시,70434,49641
기초생활보장(맞춤형급여) - 중복제거,2021-05,울산광역시,36301,26381
기초생활보장(맞춤형급여) - 중복제거,2021-05,세종특별자치시,7571,5099
기초생활보장(맞춤형급여) - 중복제거,2021-05,경기도,404520,290978
기초생활보장(맞춤형급여) - 중복제거,2021-05,강원도,82040,61466
기초생활보장(맞춤형급여) - 중복제거,2021-05,충청북도,74088,54817
기초생활보장(맞춤형급여) - 중복제거,2021-05,충청남도,81270,61035
기초생활보장(맞춤형급여) - 중복제거,2021-05,전라북도,122494,86096
기초생활보장(맞춤형급여) - 중복제거,2021-05,전라남도,98923,74094
기초생활보장(맞춤형급여) - 중복제거,2021-05,경상북도,134941,102053
기초생활보장(맞춤형급여) - 중복제거,2021-05,경상남도,148822,109317
기초생활보장(맞춤형급여) - 중복제거,2021-05,제주특별자치도,31056,21552
기초생활보장(맞춤형급여) - 중복제거,2021-06,서울특별시,392986,289768
기초생활보장(맞춤형급여) - 중복제거,2021-06,부산광역시,211029,155983
기초생활보장(맞춤형급여) - 중복제거,2021-06,대구광역시,140809,101910
기초생활보장(맞춤형급여) - 중복제거,2021-06,인천광역시,153713,106857
기초생활보장(맞춤형급여) - 중복제거,2021-06,광주광역시,90031,59868
기초생활보장(맞춤형급여) - 중복제거,2021-06,대전광역시,71075,50093
기초생활보장(맞춤형급여) - 중복제거,2021-06,울산광역시,36833,26764
기초생활보장(맞춤형급여) - 중복제거,2021-06,세종특별자치시,7648,5128
기초생활보장(맞춤형급여) - 중복제거,2021-06,경기도,409462,294526
기초생활보장(맞춤형급여) - 중복제거,2021-06,강원도,82710,61941
기초생활보장(맞춤형급여) - 중복제거,2021-06,충청북도,74821,55348
기초생활보장(맞춤형급여) - 중복제거,2021-06,충청남도,82065,61687
기초생활보장(맞춤형급여) - 중복제거,2021-06,전라북도,123351,86724
기초생활보장(맞춤형급여) - 중복제거,2021-06,전라남도,99797,74789
기초생활보장(맞춤형급여) - 중복제거,2021-06,경상북도,136360,103072
기초생활보장(맞춤형급여) - 중복제거,2021-06,경상남도,150794,110718
기초생활보장(맞춤형급여) - 중복제거,2021-06,제주특별자치도,31406,21797
기초생활보장(맞춤형급여) - 중복제거,2021-07,서울특별시,394545,291513
기초생활보장(맞춤형급여) - 중복제거,2021-07,부산광역시,211621,156744
기초생활보장(맞춤형급여) - 중복제거,2021-07,대구광역시,141204,102397
기초생활보장(맞춤형급여) - 중복제거,2021-07,인천광역시,155070,108016
기초생활보장(맞춤형급여) - 중복제거,2021-07,광주광역시,90178,60145
기초생활보장(맞춤형급여) - 중복제거,2021-07,대전광역시,71326,50425
기초생활보장(맞춤형급여) - 중복제거,2021-07,울산광역시,37124,27048
기초생활보장(맞춤형급여) - 중복제거,2021-07,세종특별자치시,7635,5146
기초생활보장(맞춤형급여) - 중복제거,2021-07,경기도,411256,296497
기초생활보장(맞춤형급여) - 중복제거,2021-07,강원도,82672,62082
기초생활보장(맞춤형급여) - 중복제거,2021-07,충청북도,74951,55584
기초생활보장(맞춤형급여) - 중복제거,2021-07,충청남도,82384,62028
기초생활보장(맞춤형급여) - 중복제거,2021-07,전라북도,123247,86961
기초생활보장(맞춤형급여) - 중복제거,2021-07,전라남도,99712,74939
기초생활보장(맞춤형급여) - 중복제거,2021-07,경상북도,136819,103629
기초생활보장(맞춤형급여) - 중복제거,2021-07,경상남도,151645,111496
기초생활보장(맞춤형급여) - 중복제거,2021-07,제주특별자치도,31487,21902
기초생활보장(맞춤형급여) - 중복제거,2021-08,서울특별시,397120,293718
기초생활보장(맞춤형급여) - 중복제거,2021-08,부산광역시,212882,157754
기초생활보장(맞춤형급여) - 중복제거,2021-08,대구광역시,141694,102887
기초생활보장(맞춤형급여) - 중복제거,2021-08,인천광역시,156863,109399
기초생활보장(맞춤형급여) - 중복제거,2021-08,광주광역시,90401,60404
기초생활보장(맞춤형급여) - 중복제거,2021-08,대전광역시,71840,50808
기초생활보장(맞춤형급여) - 중복제거,2021-08,울산광역시,37426,27320
기초생활보장(맞춤형급여) - 중복제거,2021-08,세종특별자치시,7692,5181
기초생활보장(맞춤형급여) - 중복제거,2021-08,경기도,414404,299020
기초생활보장(맞춤형급여) - 중복제거,2021-08,강원도,82930,62330
기초생활보장(맞춤형급여) - 중복제거,2021-08,충청북도,75322,55902
기초생활보장(맞춤형급여) - 중복제거,2021-08,충청남도,83039,62518
기초생활보장(맞춤형급여) - 중복제거,2021-08,전라북도,123748,87431
기초생활보장(맞춤형급여) - 중복제거,2021-08,전라남도,100057,75262
기초생활보장(맞춤형급여) - 중복제거,2021-08,경상북도,137547,104294
기초생활보장(맞춤형급여) - 중복제거,2021-08,경상남도,152907,112469
기초생활보장(맞춤형급여) - 중복제거,2021-08,제주특별자치도,31764,22064
기초생활보장(맞춤형급여) - 중복제거,2021-09,서울특별시,397630,294481
기초생활보장(맞춤형급여) - 중복제거,2021-09,부산광역시,213320,158274
기초생활보장(맞춤형급여) - 중복제거,2021-09,대구광역시,142101,103292
기초생활보장(맞춤형급여) - 중복제거,2021-09,인천광역시,157097,109761
기초생활보장(맞춤형급여) - 중복제거,2021-09,광주광역시,90608,60597
기초생활보장(맞춤형급여) - 중복제거,2021-09,대전광역시,71798,50876
기초생활보장(맞춤형급여) - 중복제거,2021-09,울산광역시,37657,27522
기초생활보장(맞춤형급여) - 중복제거,2021-09,세종특별자치시,7722,5210
기초생활보장(맞춤형급여) - 중복제거,2021-09,경기도,415777,300373
기초생활보장(맞춤형급여) - 중복제거,2021-09,강원도,83077,62550
기초생활보장(맞춤형급여) - 중복제거,2021-09,충청북도,75423,56070
기초생활보장(맞춤형급여) - 중복제거,2021-09,충청남도,83345,62789
기초생활보장(맞춤형급여) - 중복제거,2021-09,전라북도,123965,87650
기초생활보장(맞춤형급여) - 중복제거,2021-09,전라남도,100073,75355
기초생활보장(맞춤형급여) - 중복제거,2021-09,경상북도,138076,104772
기초생활보장(맞춤형급여) - 중복제거,2021-09,경상남도,153435,112953
기초생활보장(맞춤형급여) - 중복제거,2021-09,제주특별자치도,31821,22115
기초생활보장(맞춤형급여) - 중복제거,2021-10,서울특별시,398776,295711
기초생활보장(맞춤형급여) - 중복제거,2021-10,부산광역시,213991,158933
기초생활보장(맞춤형급여) - 중복제거,2021-10,대구광역시,142372,103628
기초생활보장(맞춤형급여) - 중복제거,2021-10,인천광역시,157609,110255
기초생활보장(맞춤형급여) - 중복제거,2021-10,광주광역시,90839,60839
기초생활보장(맞춤형급여) - 중복제거,2021-10,대전광역시,72107,51132
기초생활보장(맞춤형급여) - 중복제거,2021-10,울산광역시,37747,27629
기초생활보장(맞춤형급여) - 중복제거,2021-10,세종특별자치시,7729,5220
기초생활보장(맞춤형급여) - 중복제거,2021-10,경기도,417685,302099
기초생활보장(맞춤형급여) - 중복제거,2021-10,강원도,83161,62672
기초생활보장(맞춤형급여) - 중복제거,2021-10,충청북도,75723,56338
기초생활보장(맞춤형급여) - 중복제거,2021-10,충청남도,83617,63050
기초생활보장(맞춤형급여) - 중복제거,2021-10,전라북도,124160,87941
기초생활보장(맞춤형급여) - 중복제거,2021-10,전라남도,100159,75491
기초생활보장(맞춤형급여) - 중복제거,2021-10,경상북도,138692,105269
기초생활보장(맞춤형급여) - 중복제거,2021-10,경상남도,154005,113501
기초생활보장(맞춤형급여) - 중복제거,2021-10,제주특별자치도,32066,22295
기초생활보장(맞춤형급여) - 중복제거,2021-11,서울특별시,400657,297636
기초생활보장(맞춤형급여) - 중복제거,2021-11,부산광역시,215891,160513
기초생활보장(맞춤형급여) - 중복제거,2021-11,대구광역시,143164,104349
기초생활보장(맞춤형급여) - 중복제거,2021-11,인천광역시,158587,111069
기초생활보장(맞춤형급여) - 중복제거,2021-11,광주광역시,91217,61237
기초생활보장(맞춤형급여) - 중복제거,2021-11,대전광역시,72560,51532
기초생활보장(맞춤형급여) - 중복제거,2021-11,울산광역시,38194,27963
기초생활보장(맞춤형급여) - 중복제거,2021-11,세종특별자치시,7746,5236
기초생활보장(맞춤형급여) - 중복제거,2021-11,경기도,420566,304804
기초생활보장(맞춤형급여) - 중복제거,2021-11,강원도,83550,63067
기초생활보장(맞춤형급여) - 중복제거,2021-11,충청북도,76227,56754
기초생활보장(맞춤형급여) - 중복제거,2021-11,충청남도,84325,63678
기초생활보장(맞춤형급여) - 중복제거,2021-11,전라북도,124895,88574
기초생활보장(맞춤형급여) - 중복제거,2021-11,전라남도,100969,76186
기초생활보장(맞춤형급여) - 중복제거,2021-11,경상북도,139979,106365
기초생활보장(맞춤형급여) - 중복제거,2021-11,경상남도,155590,114782
기초생활보장(맞춤형급여) - 중복제거,2021-11,제주특별자치도,32218,22430
기초생활보장(맞춤형급여) - 중복제거,2021-12,서울특별시,402632,299623
기초생활보장(맞춤형급여) - 중복제거,2021-12,부산광역시,217335,161843
기초생활보장(맞춤형급여) - 중복제거,2021-12,대구광역시,144092,105057
기초생활보장(맞춤형급여) - 중복제거,2021-12,인천광역시,159186,111667
기초생활보장(맞춤형급여) - 중복제거,2021-12,광주광역시,91548,61587
기초생활보장(맞춤형급여) - 중복제거,2021-12,대전광역시,72908,51853
기초생활보장(맞춤형급여) - 중복제거,2021-12,울산광역시,38575,28243
기초생활보장(맞춤형급여) - 중복제거,2021-12,세종특별자치시,7880,5329
기초생활보장(맞춤형급여) - 중복제거,2021-12,경기도,422615,306751
기초생활보장(맞춤형급여) - 중복제거,2021-12,강원도,84114,63536
기초생활보장(맞춤형급여) - 중복제거,2021-12,충청북도,76619,57128
기초생활보장(맞춤형급여) - 중복제거,2021-12,충청남도,84802,64125
기초생활보장(맞춤형급여) - 중복제거,2021-12,전라북도,125438,89053
기초생활보장(맞춤형급여) - 중복제거,2021-12,전라남도,101475,76686
기초생활보장(맞춤형급여) - 중복제거,2021-12,경상북도,141175,107367
기초생활보장(맞춤형급여) - 중복제거,2021-12,경상남도,156832,115906
기초생활보장(맞춤형급여) - 중복제거,2021-12,제주특별자치도,32446,22635
기초생계급여,2021-01,서울특별시          ,228423,177717
기초생계급여,2021-01,부산광역시          ,127352,98501
기초생계급여,2021-01,대구광역시          ,86567,65146
기초생계급여,2021-01,인천광역시          ,84850,63198
기초생계급여,2021-01,광주광역시          ,49954,35299
기초생계급여,2021-01,대전광역시          ,42740,31987
기초생계급여,2021-01,울산광역시          ,17718,14335
기초생계급여,2021-01,세종특별자치시      ,3629,2807
기초생계급여,2021-01,경기도              ,208933,165465
기초생계급여,2021-01,강원도              ,48140,38117
기초생계급여,2021-01,충청북도            ,42588,33890
기초생계급여,2021-01,충청남도            ,49457,39037
기초생계급여,2021-01,전라북도            ,74354,54896
기초생계급여,2021-01,전라남도            ,59970,46187
기초생계급여,2021-01,경상북도            ,82762,65636
기초생계급여,2021-01,경상남도            ,83229,65772
기초생계급여,2021-01,제주특별자치도      ,17651,13144
기초생계급여,2021-02,서울특별시          ,231440,180339
기초생계급여,2021-02,부산광역시          ,129839,100554
기초생계급여,2021-02,대구광역시          ,88141,66445
기초생계급여,2021-02,인천광역시          ,85760,63957
기초생계급여,2021-02,광주광역시          ,50555,35781
기초생계급여,2021-02,대전광역시          ,43087,32265
기초생계급여,2021-02,울산광역시          ,18009,14581
기초생계급여,2021-02,세종특별자치시      ,3654,2830
기초생계급여,2021-02,경기도              ,211069,167289
기초생계급여,2021-02,강원도              ,48591,38539
기초생계급여,2021-02,충청북도            ,43261,34433
기초생계급여,2021-02,충청남도            ,50083,39647
기초생계급여,2021-02,전라북도            ,75407,55811
기초생계급여,2021-02,전라남도            ,60732,46943
기초생계급여,2021-02,경상북도            ,83871,66580
기초생계급여,2021-02,경상남도            ,84242,66674
기초생계급여,2021-02,제주특별자치도      ,17898,13311
기초생계급여,2021-03,서울특별시          ,237339,185219
기초생계급여,2021-03,부산광역시          ,134199,104044
기초생계급여,2021-03,대구광역시          ,90579,68410
기초생계급여,2021-03,인천광역시          ,87696,65472
기초생계급여,2021-03,광주광역시          ,51711,36723
기초생계급여,2021-03,대전광역시          ,44081,33094
기초생계급여,2021-03,울산광역시          ,18618,15092
기초생계급여,2021-03,세종특별자치시      ,3692,2872
기초생계급여,2021-03,경기도              ,216318,171697
기초생계급여,2021-03,강원도              ,50008,39781
기초생계급여,2021-03,충청북도            ,45033,35930
기초생계급여,2021-03,충청남도            ,52288,41508
기초생계급여,2021-03,전라북도            ,77729,57856
기초생계급여,2021-03,전라남도            ,63471,49441
기초생계급여,2021-03,경상북도            ,86923,69298
기초생계급여,2021-03,경상남도            ,87066,69042
기초생계급여,2021-03,제주특별자치도      ,18306,13633
기초생계급여,2021-04,서울특별시          ,241591,188673
기초생계급여,2021-04,부산광역시          ,136558,105891
기초생계급여,2021-04,대구광역시          ,91726,69380
기초생계급여,2021-04,인천광역시          ,89792,67093
기초생계급여,2021-04,광주광역시          ,52241,37210
기초생계급여,2021-04,대전광역시          ,44805,33693
기초생계급여,2021-04,울산광역시          ,18896,15326
기초생계급여,2021-04,세종특별자치시      ,3764,2929
기초생계급여,2021-04,경기도              ,220121,174887
기초생계급여,2021-04,강원도              ,50548,40273
기초생계급여,2021-04,충청북도            ,46028,36739
기초생계급여,2021-04,충청남도            ,53187,42305
기초생계급여,2021-04,전라북도            ,78929,58934
기초생계급여,2021-04,전라남도            ,64894,50749
기초생계급여,2021-04,경상북도            ,88889,70995
기초생계급여,2021-04,경상남도            ,88427,70254
기초생계급여,2021-04,제주특별자치도      ,18614,13890
기초생계급여,2021-05,서울특별시          ,244885,191330
기초생계급여,2021-05,부산광역시          ,137964,107103
기초생계급여,2021-05,대구광역시          ,92606,70105
기초생계급여,2021-05,인천광역시          ,91348,68293
기초생계급여,2021-05,광주광역시          ,52585,37513
기초생계급여,2021-05,대전광역시          ,45184,34042
기초생계급여,2021-05,울산광역시          ,19179,15560
기초생계급여,2021-05,세종특별자치시      ,3778,2958
기초생계급여,2021-05,경기도              ,223037,177411
기초생계급여,2021-05,강원도              ,51033,40710
기초생계급여,2021-05,충청북도            ,46565,37184
기초생계급여,2021-05,충청남도            ,54035,43038
기초생계급여,2021-05,전라북도            ,79632,59497
기초생계급여,2021-05,전라남도            ,65648,51504
기초생계급여,2021-05,경상북도            ,89889,71871
기초생계급여,2021-05,경상남도            ,89726,71336
기초생계급여,2021-05,제주특별자치도      ,18889,14104
기초생계급여,2021-06,서울특별시          ,247747,193748
기초생계급여,2021-06,부산광역시          ,139586,108432
기초생계급여,2021-06,대구광역시          ,93376,70750
기초생계급여,2021-06,인천광역시          ,92687,69357
기초생계급여,2021-06,광주광역시          ,53096,37939
기초생계급여,2021-06,대전광역시          ,45664,34449
기초생계급여,2021-06,울산광역시          ,19484,15826
기초생계급여,2021-06,세종특별자치시      ,3880,3012
기초생계급여,2021-06,경기도              ,225864,179909
기초생계급여,2021-06,강원도              ,51610,41228
기초생계급여,2021-06,충청북도            ,47018,37610
기초생계급여,2021-06,충청남도            ,54837,43775
기초생계급여,2021-06,전라북도            ,80404,60154
기초생계급여,2021-06,전라남도            ,66530,52327
기초생계급여,2021-06,경상북도            ,91027,72824
기초생계급여,2021-06,경상남도            ,91159,72556
기초생계급여,2021-06,제주특별자치도      ,19106,14299
기초생계급여,2021-07,서울특별시          ,249297,195248
기초생계급여,2021-07,부산광역시          ,140207,109106
기초생계급여,2021-07,대구광역시          ,93737,71153
기초생계급여,2021-07,인천광역시          ,93651,70185
기초생계급여,2021-07,광주광역시          ,53287,38174
기초생계급여,2021-07,대전광역시          ,45955,34736
기초생계급여,2021-07,울산광역시          ,19708,16013
기초생계급여,2021-07,세종특별자치시      ,3879,3030
기초생계급여,2021-07,경기도              ,227785,181728
기초생계급여,2021-07,강원도              ,51775,41482
기초생계급여,2021-07,충청북도            ,47277,37878
기초생계급여,2021-07,충청남도            ,55135,44052
기초생계급여,2021-07,전라북도            ,80566,60470
기초생계급여,2021-07,전라남도            ,66769,52647
기초생계급여,2021-07,경상북도            ,91542,73360
기초생계급여,2021-07,경상남도            ,91869,73251
기초생계급여,2021-07,제주특별자치도      ,19194,14409
기초생계급여,2021-08,서울특별시          ,251029,196774
기초생계급여,2021-08,부산광역시          ,141263,110011
기초생계급여,2021-08,대구광역시          ,94114,71507
기초생계급여,2021-08,인천광역시          ,94515,70974
기초생계급여,2021-08,광주광역시          ,53591,38415
기초생계급여,2021-08,대전광역시          ,46252,34994
기초생계급여,2021-08,울산광역시          ,19949,16236
기초생계급여,2021-08,세종특별자치시      ,3915,3050
기초생계급여,2021-08,경기도              ,229953,183624
기초생계급여,2021-08,강원도              ,52037,41689
기초생계급여,2021-08,충청북도            ,47439,38044
기초생계급여,2021-08,충청남도            ,55566,44403
기초생계급여,2021-08,전라북도            ,81041,60920
기초생계급여,2021-08,전라남도            ,67036,52917
기초생계급여,2021-08,경상북도            ,92090,73861
기초생계급여,2021-08,경상남도            ,92827,74046
기초생계급여,2021-08,제주특별자치도      ,19352,14516
기초생계급여,2021-09,서울특별시          ,251520,197408
기초생계급여,2021-09,부산광역시          ,141634,110405
기초생계급여,2021-09,대구광역시          ,94233,71728
기초생계급여,2021-09,인천광역시          ,94873,71312
기초생계급여,2021-09,광주광역시          ,53703,38560
기초생계급여,2021-09,대전광역시          ,46287,35069
기초생계급여,2021-09,울산광역시          ,20084,16354
기초생계급여,2021-09,세종특별자치시      ,3950,3083
기초생계급여,2021-09,경기도              ,230947,184587
기초생계급여,2021-09,강원도              ,52268,41930
기초생계급여,2021-09,충청북도            ,47540,38162
기초생계급여,2021-09,충청남도            ,55744,44595
기초생계급여,2021-09,전라북도            ,81219,61095
기초생계급여,2021-09,전라남도            ,67110,53059
기초생계급여,2021-09,경상북도            ,92499,74250
기초생계급여,2021-09,경상남도            ,93259,74475
기초생계급여,2021-09,제주특별자치도      ,19396,14556
기초생계급여,2021-10,서울특별시          ,252562,198418
기초생계급여,2021-10,부산광역시          ,142161,110940
기초생계급여,2021-10,대구광역시          ,94275,71856
기초생계급여,2021-10,인천광역시          ,95186,71623
기초생계급여,2021-10,광주광역시          ,53948,38814
기초생계급여,2021-10,대전광역시          ,46542,35281
기초생계급여,2021-10,울산광역시          ,20142,16414
기초생계급여,2021-10,세종특별자치시      ,3955,3086
기초생계급여,2021-10,경기도              ,232157,185751
기초생계급여,2021-10,강원도              ,52291,42016
기초생계급여,2021-10,충청북도            ,47783,38361
기초생계급여,2021-10,충청남도            ,55880,44731
기초생계급여,2021-10,전라북도            ,81388,61299
기초생계급여,2021-10,전라남도            ,67215,53177
기초생계급여,2021-10,경상북도            ,92784,74564
기초생계급여,2021-10,경상남도            ,93713,74894
기초생계급여,2021-10,제주특별자치도      ,19565,14681
기초생계급여,2021-11,서울특별시          ,254848,200526
기초생계급여,2021-11,부산광역시          ,144253,112602
기초생계급여,2021-11,대구광역시          ,95054,72582
기초생계급여,2021-11,인천광역시          ,95823,72181
기초생계급여,2021-11,광주광역시          ,54554,39308
기초생계급여,2021-11,대전광역시          ,46969,35673
기초생계급여,2021-11,울산광역시          ,20424,16667
기초생계급여,2021-11,세종특별자치시      ,4007,3119
기초생계급여,2021-11,경기도              ,234926,188253
기초생계급여,2021-11,강원도              ,52836,42498
기초생계급여,2021-11,충청북도            ,48272,38771
기초생계급여,2021-11,충청남도            ,56436,45247
기초생계급여,2021-11,전라북도            ,82021,61848
기초생계급여,2021-11,전라남도            ,67929,53849
기초생계급여,2021-11,경상북도            ,93955,75616
기초생계급여,2021-11,경상남도            ,95240,76167
기초생계급여,2021-11,제주특별자치도      ,19753,14828
기초생계급여,2021-12,서울특별시          ,257826,203111
기초생계급여,2021-12,부산광역시          ,146162,114127
기초생계급여,2021-12,대구광역시          ,96155,73478
기초생계급여,2021-12,인천광역시          ,97021,73131
기초생계급여,2021-12,광주광역시          ,55126,39781
기초생계급여,2021-12,대전광역시          ,47538,36102
기초생계급여,2021-12,울산광역시          ,20779,16935
기초생계급여,2021-12,세종특별자치시      ,4095,3182
기초생계급여,2021-12,경기도              ,237804,190733
기초생계급여,2021-12,강원도              ,53588,43122
기초생계급여,2021-12,충청북도            ,48970,39347
기초생계급여,2021-12,충청남도            ,57012,45765
기초생계급여,2021-12,전라북도            ,82687,62406
기초생계급여,2021-12,전라남도            ,68704,54513
기초생계급여,2021-12,경상북도            ,95338,76775
기초생계급여,2021-12,경상남도            ,96695,77402
기초생계급여,2021-12,제주특별자치도      ,20135,15120
기초의료급여,2021-01,서울특별시          ,248376,189423
기초의료급여,2021-01,부산광역시          ,138988,105995
기초의료급여,2021-01,대구광역시          ,93425,69268
기초의료급여,2021-01,인천광역시          ,94722,68735
기초의료급여,2021-01,광주광역시          ,56694,38771
기초의료급여,2021-01,대전광역시          ,47089,34468
기초의료급여,2021-01,울산광역시          ,20180,15941
기초의료급여,2021-01,세종특별자치시      ,3997,3046
기초의료급여,2021-01,경기도              ,235227,181333
기초의료급여,2021-01,강원도              ,54091,41837
기초의료급여,2021-01,충청북도            ,45901,35795
기초의료급여,2021-01,충청남도            ,53706,41686
기초의료급여,2021-01,전라북도            ,81247,58817
기초의료급여,2021-01,전라남도            ,65463,49905
기초의료급여,2021-01,경상북도            ,90650,70678
기초의료급여,2021-01,경상남도            ,91326,71276
기초의료급여,2021-01,제주특별자치도      ,19490,14269
기초의료급여,2021-02,서울특별시          ,248878,190118
기초의료급여,2021-02,부산광역시          ,139321,106379
기초의료급여,2021-02,대구광역시          ,93559,69470
기초의료급여,2021-02,인천광역시          ,94947,69004
기초의료급여,2021-02,광주광역시          ,56730,38893
기초의료급여,2021-02,대전광역시          ,47091,34521
기초의료급여,2021-02,울산광역시          ,20254,16034
기초의료급여,2021-02,세종특별자치시      ,3984,3045
기초의료급여,2021-02,경기도              ,235795,181995
기초의료급여,2021-02,강원도              ,54007,41845
기초의료급여,2021-02,충청북도            ,45940,35838
기초의료급여,2021-02,충청남도            ,53751,41800
기초의료급여,2021-02,전라북도            ,81206,58843
기초의료급여,2021-02,전라남도            ,65284,49857
기초의료급여,2021-02,경상북도            ,90830,70878
기초의료급여,2021-02,경상남도            ,91594,71533
기초의료급여,2021-02,제주특별자치도      ,19576,14323
기초의료급여,2021-03,서울특별시          ,249601,191057
기초의료급여,2021-03,부산광역시          ,140231,107290
기초의료급여,2021-03,대구광역시          ,93912,69905
기초의료급여,2021-03,인천광역시          ,95287,69349
기초의료급여,2021-03,광주광역시          ,56831,39109
기초의료급여,2021-03,대전광역시          ,47195,34700
기초의료급여,2021-03,울산광역시          ,20438,16187
기초의료급여,2021-03,세종특별자치시      ,3979,3048
기초의료급여,2021-03,경기도              ,236745,183106
기초의료급여,2021-03,강원도              ,54114,42042
기초의료급여,2021-03,충청북도            ,46158,36085
기초의료급여,2021-03,충청남도            ,53974,42009
기초의료급여,2021-03,전라북도            ,81254,59015
기초의료급여,2021-03,전라남도            ,65166,49891
기초의료급여,2021-03,경상북도            ,91107,71246
기초의료급여,2021-03,경상남도            ,92164,72096
기초의료급여,2021-03,제주특별자치도      ,19688,14450
기초의료급여,2021-04,서울특별시          ,250245,191874
기초의료급여,2021-04,부산광역시          ,140763,107816
기초의료급여,2021-04,대구광역시          ,93777,69973
기초의료급여,2021-04,인천광역시          ,95666,69750
기초의료급여,2021-04,광주광역시          ,56716,39171
기초의료급여,2021-04,대전광역시          ,47443,34962
기초의료급여,2021-04,울산광역시          ,20522,16279
기초의료급여,2021-04,세종특별자치시      ,3973,3044
기초의료급여,2021-04,경기도              ,237584,184049
기초의료급여,2021-04,강원도              ,54068,42086
기초의료급여,2021-04,충청북도            ,46391,36275
기초의료급여,2021-04,충청남도            ,53994,42099
기초의료급여,2021-04,전라북도            ,81230,59125
기초의료급여,2021-04,전라남도            ,65018,49889
기초의료급여,2021-04,경상북도            ,91420,71563
기초의료급여,2021-04,경상남도            ,92222,72285
기초의료급여,2021-04,제주특별자치도      ,19757,14527
기초의료급여,2021-05,서울특별시          ,250807,192534
기초의료급여,2021-05,부산광역시          ,140907,108069
기초의료급여,2021-05,대구광역시          ,93849,70151
기초의료급여,2021-05,인천광역시          ,95830,69993
기초의료급여,2021-05,광주광역시          ,56531,39145
기초의료급여,2021-05,대전광역시          ,47549,35127
기초의료급여,2021-05,울산광역시          ,20618,16377
기초의료급여,2021-05,세종특별자치시      ,3957,3048
기초의료급여,2021-05,경기도              ,237832,184543
기초의료급여,2021-05,강원도              ,53996,42096
기초의료급여,2021-05,충청북도            ,46390,36308
기초의료급여,2021-05,충청남도            ,53963,42134
기초의료급여,2021-05,전라북도            ,81132,59091
기초의료급여,2021-05,전라남도            ,64464,49561
기초의료급여,2021-05,경상북도            ,91387,71623
기초의료급여,2021-05,경상남도            ,92299,72417
기초의료급여,2021-05,제주특별자치도      ,19830,14606
기초의료급여,2021-06,서울특별시          ,249266,191808
기초의료급여,2021-06,부산광역시          ,140201,107667
기초의료급여,2021-06,대구광역시          ,93428,70005
기초의료급여,2021-06,인천광역시          ,95476,69908
기초의료급여,2021-06,광주광역시          ,56032,38909
기초의료급여,2021-06,대전광역시          ,47229,35004
기초의료급여,2021-06,울산광역시          ,20595,16390
기초의료급여,2021-06,세종특별자치시      ,3949,3033
기초의료급여,2021-06,경기도              ,236126,183643
기초의료급여,2021-06,강원도              ,53432,41729
기초의료급여,2021-06,충청북도            ,46086,36137
기초의료급여,2021-06,충청남도            ,53413,41838
기초의료급여,2021-06,전라북도            ,80284,58571
기초의료급여,2021-06,전라남도            ,63628,48998
기초의료급여,2021-06,경상북도            ,90528,71053
기초의료급여,2021-06,경상남도            ,92064,72324
기초의료급여,2021-06,제주특별자치도      ,19747,14599
기초의료급여,2021-07,서울특별시          ,248955,191998
기초의료급여,2021-07,부산광역시          ,140089,107816
기초의료급여,2021-07,대구광역시          ,93296,70088
기초의료급여,2021-07,인천광역시          ,95790,70324
기초의료급여,2021-07,광주광역시          ,55954,38983
기초의료급여,2021-07,대전광역시          ,47259,35135
기초의료급여,2021-07,울산광역시          ,20611,16458
기초의료급여,2021-07,세종특별자치시      ,3947,3044
기초의료급여,2021-07,경기도              ,236386,184308
기초의료급여,2021-07,강원도              ,53246,41724
기초의료급여,2021-07,충청북도            ,45984,36145
기초의료급여,2021-07,충청남도            ,53462,41929
기초의료급여,2021-07,전라북도            ,79897,58500
기초의료급여,2021-07,전라남도            ,63481,49027
기초의료급여,2021-07,경상북도            ,90453,71132
기초의료급여,2021-07,경상남도            ,92090,72495
기초의료급여,2021-07,제주특별자치도      ,19752,14645
기초의료급여,2021-08,서울특별시          ,249416,192628
기초의료급여,2021-08,부산광역시          ,140354,108081
기초의료급여,2021-08,대구광역시          ,93291,70187
기초의료급여,2021-08,인천광역시          ,96161,70722
기초의료급여,2021-08,광주광역시          ,55971,39045
기초의료급여,2021-08,대전광역시          ,47370,35261
기초의료급여,2021-08,울산광역시          ,20751,16583
기초의료급여,2021-08,세종특별자치시      ,3958,3051
기초의료급여,2021-08,경기도              ,237063,185108
기초의료급여,2021-08,강원도              ,53161,41676
기초의료급여,2021-08,충청북도            ,45934,36141
기초의료급여,2021-08,충청남도            ,53603,42077
기초의료급여,2021-08,전라북도            ,79960,58660
기초의료급여,2021-08,전라남도            ,63427,49049
기초의료급여,2021-08,경상북도            ,90654,71344
기초의료급여,2021-08,경상남도            ,92414,72829
기초의료급여,2021-08,제주특별자치도      ,19807,14681
기초의료급여,2021-09,서울특별시          ,249176,192727
기초의료급여,2021-09,부산광역시          ,140388,108210
기초의료급여,2021-09,대구광역시          ,93280,70307
기초의료급여,2021-09,인천광역시          ,96319,70922
기초의료급여,2021-09,광주광역시          ,55940,39109
기초의료급여,2021-09,대전광역시          ,47252,35232
기초의료급여,2021-09,울산광역시          ,20802,16644
기초의료급여,2021-09,세종특별자치시      ,3977,3071
기초의료급여,2021-09,경기도              ,237213,185483
기초의료급여,2021-09,강원도              ,53168,41735
기초의료급여,2021-09,충청북도            ,45902,36157
기초의료급여,2021-09,충청남도            ,53622,42137
기초의료급여,2021-09,전라북도            ,79809,58618
기초의료급여,2021-09,전라남도            ,63222,48958
기초의료급여,2021-09,경상북도            ,90627,71412
기초의료급여,2021-09,경상남도            ,92492,72949
기초의료급여,2021-09,제주특별자치도      ,19801,14687
기초의료급여,2021-10,서울특별시          ,249310,193077
기초의료급여,2021-10,부산광역시          ,140367,108315
기초의료급여,2021-10,대구광역시          ,92973,70162
기초의료급여,2021-10,인천광역시          ,96396,71064
기초의료급여,2021-10,광주광역시          ,55887,39141
기초의료급여,2021-10,대전광역시          ,47328,35319
기초의료급여,2021-10,울산광역시          ,20822,16678
기초의료급여,2021-10,세종특별자치시      ,3967,3066
기초의료급여,2021-10,경기도              ,237532,185928
기초의료급여,2021-10,강원도              ,53075,41727
기초의료급여,2021-10,충청북도            ,45896,36180
기초의료급여,2021-10,충청남도            ,53650,42196
기초의료급여,2021-10,전라북도            ,79674,58592
기초의료급여,2021-10,전라남도            ,63114,48903
기초의료급여,2021-10,경상북도            ,90624,71453
기초의료급여,2021-10,경상남도            ,92522,73024
기초의료급여,2021-10,제주특별자치도      ,19847,14732
기초의료급여,2021-11,서울특별시          ,249529,193509
기초의료급여,2021-11,부산광역시          ,140625,108589
기초의료급여,2021-11,대구광역시          ,92877,70172
기초의료급여,2021-11,인천광역시          ,96336,71102
기초의료급여,2021-11,광주광역시          ,55840,39191
기초의료급여,2021-11,대전광역시          ,47370,35397
기초의료급여,2021-11,울산광역시          ,20912,16767
기초의료급여,2021-11,세종특별자치시      ,3978,3064
기초의료급여,2021-11,경기도              ,237816,186452
기초의료급여,2021-11,강원도              ,52999,41701
기초의료급여,2021-11,충청북도            ,45867,36188
기초의료급여,2021-11,충청남도            ,53617,42221
기초의료급여,2021-11,전라북도            ,79587,58578
기초의료급여,2021-11,전라남도            ,62908,48759
기초의료급여,2021-11,경상북도            ,90537,71492
기초의료급여,2021-11,경상남도            ,92749,73238
기초의료급여,2021-11,제주특별자치도      ,19813,14706
기초의료급여,2021-12,서울특별시          ,247973,192622
기초의료급여,2021-12,부산광역시          ,139735,108107
기초의료급여,2021-12,대구광역시          ,92499,69981
기초의료급여,2021-12,인천광역시          ,95807,70810
기초의료급여,2021-12,광주광역시          ,55354,38923
기초의료급여,2021-12,대전광역시          ,47113,35244
기초의료급여,2021-12,울산광역시          ,20816,16682
기초의료급여,2021-12,세종특별자치시      ,3993,3073
기초의료급여,2021-12,경기도              ,235739,185122
기초의료급여,2021-12,강원도              ,52508,41337
기초의료급여,2021-12,충청북도            ,45447,35874
기초의료급여,2021-12,충청남도            ,53199,41910
기초의료급여,2021-12,전라북도            ,78872,58073
기초의료급여,2021-12,전라남도            ,62243,48254
기초의료급여,2021-12,경상북도            ,89938,71098
기초의료급여,2021-12,경상남도            ,92368,73023
기초의료급여,2021-12,제주특별자치도      ,19721,14659
기초주거급여,2021-01,서울특별시          ,348835,250226
기초주거급여,2021-01,부산광역시          ,185552,134018
기초주거급여,2021-01,대구광역시          ,121851,85093
기초주거급여,2021-01,인천광역시          ,132217,88593
기초주거급여,2021-01,광주광역시          ,79868,51326
기초주거급여,2021-01,대전광역시          ,61808,42102
기초주거급여,2021-01,울산광역시          ,31571,22452
기초주거급여,2021-01,세종특별자치시      ,6446,4176
기초주거급여,2021-01,경기도              ,345325,240790
기초주거급여,2021-01,강원도              ,69245,49749
기초주거급여,2021-01,충청북도            ,62296,44584
기초주거급여,2021-01,충청남도            ,66655,48267
기초주거급여,2021-01,전라북도            ,104512,70602
기초주거급여,2021-01,전라남도            ,80975,58135
기초주거급여,2021-01,경상북도            ,112147,81685
기초주거급여,2021-01,경상남도            ,123422,88312
기초주거급여,2021-01,제주특별자치도      ,25283,16628
기초주거급여,2021-02,서울특별시          ,351982,252766
기초주거급여,2021-02,부산광역시          ,187472,135428
기초주거급여,2021-02,대구광역시          ,123141,86026
기초주거급여,2021-02,인천광역시          ,133468,89489
기초주거급여,2021-02,광주광역시          ,80691,51881
기초주거급여,2021-02,대전광역시          ,62151,42399
기초주거급여,2021-02,울산광역시          ,31928,22733
기초주거급여,2021-02,세종특별자치시      ,6537,4245
기초주거급여,2021-02,경기도              ,349415,243670
기초주거급여,2021-02,강원도              ,69742,50079
기초주거급여,2021-02,충청북도            ,62772,44921
기초주거급여,2021-02,충청남도            ,67238,48725
기초주거급여,2021-02,전라북도            ,105278,71152
기초주거급여,2021-02,전라남도            ,81360,58415
기초주거급여,2021-02,경상북도            ,113201,82473
기초주거급여,2021-02,경상남도            ,124939,89427
기초주거급여,2021-02,제주특별자치도      ,25565,16823
기초주거급여,2021-03,서울특별시          ,357347,256997
기초주거급여,2021-03,부산광역시          ,191552,138349
기초주거급여,2021-03,대구광역시          ,125704,87926
기초주거급여,2021-03,인천광역시          ,135791,91062
기초주거급여,2021-03,광주광역시          ,81965,52824
기초주거급여,2021-03,대전광역시          ,63092,43110
기초주거급여,2021-03,울산광역시          ,32868,23390
기초주거급여,2021-03,세종특별자치시      ,6636,4298
기초주거급여,2021-03,경기도              ,356262,248513
기초주거급여,2021-03,강원도              ,70690,50834
기초주거급여,2021-03,충청북도            ,63969,45852
기초주거급여,2021-03,충청남도            ,68633,49716
기초주거급여,2021-03,전라북도            ,107040,72393
기초주거급여,2021-03,전라남도            ,82465,59264
기초주거급여,2021-03,경상북도            ,115316,84065
기초주거급여,2021-03,경상남도            ,128124,91695
기초주거급여,2021-03,제주특별자치도      ,26272,17283
기초주거급여,2021-04,서울특별시          ,362553,260932
기초주거급여,2021-04,부산광역시          ,194546,140291
기초주거급여,2021-04,대구광역시          ,127651,89275
기초주거급여,2021-04,인천광역시          ,137878,92462
기초주거급여,2021-04,광주광역시          ,83104,53560
기초주거급여,2021-04,대전광역시          ,64138,43813
기초주거급여,2021-04,울산광역시          ,33478,23789
기초주거급여,2021-04,세종특별자치시      ,6740,4356
기초주거급여,2021-04,경기도              ,362259,252639
기초주거급여,2021-04,강원도              ,71241,51236
기초주거급여,2021-04,충청북도            ,65263,46688
기초주거급여,2021-04,충청남도            ,69571,50393
기초주거급여,2021-04,전라북도            ,108431,73322
기초주거급여,2021-04,전라남도            ,83394,59944
기초주거급여,2021-04,경상북도            ,117122,85325
기초주거급여,2021-04,경상남도            ,130088,92963
기초주거급여,2021-04,제주특별자치도      ,26906,17680
기초주거급여,2021-05,서울특별시          ,367328,264413
기초주거급여,2021-05,부산광역시          ,196884,141921
기초주거급여,2021-05,대구광역시          ,129438,90425
기초주거급여,2021-05,인천광역시          ,139964,93830
기초주거급여,2021-05,광주광역시          ,83805,54059
기초주거급여,2021-05,대전광역시          ,65099,44424
기초주거급여,2021-05,울산광역시          ,34062,24181
기초주거급여,2021-05,세종특별자치시      ,6859,4422
기초주거급여,2021-05,경기도              ,367546,256192
기초주거급여,2021-05,강원도              ,71720,51607
기초주거급여,2021-05,충청북도            ,65995,47165
기초주거급여,2021-05,충청남도            ,70524,51062
기초주거급여,2021-05,전라북도            ,109452,73942
기초주거급여,2021-05,전라남도            ,83884,60275
기초주거급여,2021-05,경상북도            ,118385,86193
기초주거급여,2021-05,경상남도            ,131878,94116
기초주거급여,2021-05,제주특별자치도      ,27353,17956
기초주거급여,2021-06,서울특별시          ,371961,267857
기초주거급여,2021-06,부산광역시          ,198960,143447
기초주거급여,2021-06,대구광역시          ,130698,91346
기초주거급여,2021-06,인천광역시          ,142033,95242
기초주거급여,2021-06,광주광역시          ,84724,54686
기초주거급여,2021-06,대전광역시          ,65780,44889
기초주거급여,2021-06,울산광역시          ,34580,24562
기초주거급여,2021-06,세종특별자치시      ,6936,4451
기초주거급여,2021-06,경기도              ,372468,259721
기초주거급여,2021-06,강원도              ,72307,52004
기초주거급여,2021-06,충청북도            ,66667,47644
기초주거급여,2021-06,충청남도            ,71216,51583
기초주거급여,2021-06,전라북도            ,110194,74458
기초주거급여,2021-06,전라남도            ,84457,60667
기초주거급여,2021-06,경상북도            ,119691,87083
기초주거급여,2021-06,경상남도            ,133559,95278
기초주거급여,2021-06,제주특별자치도      ,27740,18224
기초주거급여,2021-07,서울특별시          ,373857,269806
기초주거급여,2021-07,부산광역시          ,199683,144272
기초주거급여,2021-07,대구광역시          ,131155,91878
기초주거급여,2021-07,인천광역시          ,143490,96462
기초주거급여,2021-07,광주광역시          ,84930,54983
기초주거급여,2021-07,대전광역시          ,66061,45227
기초주거급여,2021-07,울산광역시          ,34883,24839
기초주거급여,2021-07,세종특별자치시      ,6920,4464
기초주거급여,2021-07,경기도              ,374706,261913
기초주거급여,2021-07,강원도              ,72353,52165
기초주거급여,2021-07,충청북도            ,66814,47900
기초주거급여,2021-07,충청남도            ,71509,51867
기초주거급여,2021-07,전라북도            ,110065,74613
기초주거급여,2021-07,전라남도            ,84312,60713
기초주거급여,2021-07,경상북도            ,120099,87528
기초주거급여,2021-07,경상남도            ,134359,95962
기초주거급여,2021-07,제주특별자치도      ,27878,18361
기초주거급여,2021-08,서울특별시          ,376734,272162
기초주거급여,2021-08,부산광역시          ,201221,145492
기초주거급여,2021-08,대구광역시          ,131817,92485
기초주거급여,2021-08,인천광역시          ,145539,97976
기초주거급여,2021-08,광주광역시          ,85220,55284
기초주거급여,2021-08,대전광역시          ,66684,45675
기초주거급여,2021-08,울산광역시          ,35182,25107
기초주거급여,2021-08,세종특별자치시      ,6994,4517
기초주거급여,2021-08,경기도              ,378462,264751
기초주거급여,2021-08,강원도              ,72665,52423
기초주거급여,2021-08,충청북도            ,67232,48229
기초주거급여,2021-08,충청남도            ,72240,52374
기초주거급여,2021-08,전라북도            ,110624,75061
기초주거급여,2021-08,전라남도            ,84615,60977
기초주거급여,2021-08,경상북도            ,120797,88098
기초주거급여,2021-08,경상남도            ,135833,97026
기초주거급여,2021-08,제주특별자치도      ,28157,18520
기초주거급여,2021-09,서울특별시          ,377559,273102
기초주거급여,2021-09,부산광역시          ,201817,146064
기초주거급여,2021-09,대구광역시          ,132313,92929
기초주거급여,2021-09,인천광역시          ,145895,98375
기초주거급여,2021-09,광주광역시          ,85481,55510
기초주거급여,2021-09,대전광역시          ,66710,45792
기초주거급여,2021-09,울산광역시          ,35397,25293
기초주거급여,2021-09,세종특별자치시      ,7021,4545
기초주거급여,2021-09,경기도              ,380250,266332
기초주거급여,2021-09,강원도              ,72816,52631
기초주거급여,2021-09,충청북도            ,67386,48397
기초주거급여,2021-09,충청남도            ,72574,52641
기초주거급여,2021-09,전라북도            ,110876,75269
기초주거급여,2021-09,전라남도            ,84557,60958
기초주거급여,2021-09,경상북도            ,121236,88447
기초주거급여,2021-09,경상남도            ,136378,97488
기초주거급여,2021-09,제주특별자치도      ,28257,18594
기초주거급여,2021-10,서울특별시          ,378833,274385
기초주거급여,2021-10,부산광역시          ,202533,146711
기초주거급여,2021-10,대구광역시          ,132584,93242
기초주거급여,2021-10,인천광역시          ,146445,98885
기초주거급여,2021-10,광주광역시          ,85756,55773
기초주거급여,2021-10,대전광역시          ,66988,46023
기초주거급여,2021-10,울산광역시          ,35438,25359
기초주거급여,2021-10,세종특별자치시      ,7024,4557
기초주거급여,2021-10,경기도              ,382214,268009
기초주거급여,2021-10,강원도              ,72662,52553
기초주거급여,2021-10,충청북도            ,67686,48638
기초주거급여,2021-10,충청남도            ,72817,52857
기초주거급여,2021-10,전라북도            ,111067,75490
기초주거급여,2021-10,전라남도            ,84132,60660
기초주거급여,2021-10,경상북도            ,121832,88881
기초주거급여,2021-10,경상남도            ,136873,97921
기초주거급여,2021-10,제주특별자치도      ,28478,18750
기초주거급여,2021-11,서울특별시          ,380837,276339
기초주거급여,2021-11,부산광역시          ,204389,148193
기초주거급여,2021-11,대구광역시          ,133464,93999
기초주거급여,2021-11,인천광역시          ,147551,99738
기초주거급여,2021-11,광주광역시          ,86165,56164
기초주거급여,2021-11,대전광역시          ,67457,46413
기초주거급여,2021-11,울산광역시          ,35860,25679
기초주거급여,2021-11,세종특별자치시      ,7050,4578
기초주거급여,2021-11,경기도              ,385237,270693
기초주거급여,2021-11,강원도              ,72857,52765
기초주거급여,2021-11,충청북도            ,68081,48945
기초주거급여,2021-11,충청남도            ,73390,53331
기초주거급여,2021-11,전라북도            ,111712,76007
기초주거급여,2021-11,전라남도            ,84639,61046
기초주거급여,2021-11,경상북도            ,122783,89638
기초주거급여,2021-11,경상남도            ,138223,98941
기초주거급여,2021-11,제주특별자치도      ,28637,18884
기초주거급여,2021-12,서울특별시          ,383267,278602
기초주거급여,2021-12,부산광역시          ,205979,149560
기초주거급여,2021-12,대구광역시          ,134504,94803
기초주거급여,2021-12,인천광역시          ,148263,100380
기초주거급여,2021-12,광주광역시          ,86643,56576
기초주거급여,2021-12,대전광역시          ,67853,46770
기초주거급여,2021-12,울산광역시          ,36268,25979
기초주거급여,2021-12,세종특별자치시      ,7182,4662
기초주거급여,2021-12,경기도              ,387864,272972
기초주거급여,2021-12,강원도              ,73374,53186
기초주거급여,2021-12,충청북도            ,68486,49294
기초주거급여,2021-12,충청남도            ,73873,53745
기초주거급여,2021-12,전라북도            ,112274,76451
기초주거급여,2021-12,전라남도            ,85014,61383
기초주거급여,2021-12,경상북도            ,123734,90433
기초주거급여,2021-12,경상남도            ,139483,99987
기초주거급여,2021-12,제주특별자치도      ,28950,19135
기초교육급여,2021-01,서울특별시          ,42903,30649
기초교육급여,2021-01,부산광역시          ,22963,16410
기초교육급여,2021-01,대구광역시          ,17105,12155
기초교육급여,2021-01,인천광역시          ,22161,15176
기초교육급여,2021-01,광주광역시          ,14232,9758
기초교육급여,2021-01,대전광역시          ,10557,7300
기초교육급여,2021-01,울산광역시          ,2669,1856
기초교육급여,2021-01,세종특별자치시      ,1335,867
기초교육급여,2021-01,경기도              ,58750,40094
기초교육급여,2021-01,강원도              ,10737,7410
기초교육급여,2021-01,충청북도            ,10675,7160
기초교육급여,2021-01,충청남도            ,11772,7906
기초교육급여,2021-01,전라북도            ,18587,12204
기초교육급여,2021-01,전라남도            ,14321,9652
기초교육급여,2021-01,경상북도            ,17065,11771
기초교육급여,2021-01,경상남도            ,22486,15253
기초교육급여,2021-01,제주특별자치도      ,5410,3582
기초교육급여,2021-02,서울특별시          ,42905,30651
기초교육급여,2021-02,부산광역시          ,23002,16439
기초교육급여,2021-02,대구광역시          ,17118,12172
기초교육급여,2021-02,인천광역시          ,22214,15213
기초교육급여,2021-02,광주광역시          ,14241,9765
기초교육급여,2021-02,대전광역시          ,10572,7319
기초교육급여,2021-02,울산광역시          ,2661,1851
기초교육급여,2021-02,세종특별자치시      ,1338,871
기초교육급여,2021-02,경기도              ,58822,40157
기초교육급여,2021-02,강원도              ,10757,7420
기초교육급여,2021-02,충청북도            ,10695,7172
기초교육급여,2021-02,충청남도            ,11798,7921
기초교육급여,2021-02,전라북도            ,18621,12228
기초교육급여,2021-02,전라남도            ,14306,9664
기초교육급여,2021-02,경상북도            ,17126,11822
기초교육급여,2021-02,경상남도            ,22566,15297
기초교육급여,2021-02,제주특별자치도      ,5461,3607
기초교육급여,2021-03,서울특별시          ,38732,27928
기초교육급여,2021-03,부산광역시          ,20812,14971
기초교육급여,2021-03,대구광역시          ,16004,11387
기초교육급여,2021-03,인천광역시          ,21331,14658
기초교육급여,2021-03,광주광역시          ,13040,9022
기초교육급여,2021-03,대전광역시          ,9717,6718
기초교육급여,2021-03,울산광역시          ,2463,1735
기초교육급여,2021-03,세종특별자치시      ,1252,832
기초교육급여,2021-03,경기도              ,56786,38857
기초교육급여,2021-03,강원도              ,9730,6810
기초교육급여,2021-03,충청북도            ,9776,6643
기초교육급여,2021-03,충청남도            ,10794,7322
기초교육급여,2021-03,전라북도            ,17198,11393
기초교육급여,2021-03,전라남도            ,13061,8900
기초교육급여,2021-03,경상북도            ,15746,10946
기초교육급여,2021-03,경상남도            ,20834,14246
기초교육급여,2021-03,제주특별자치도      ,5050,3356
기초교육급여,2021-04,서울특별시          ,39706,28565
기초교육급여,2021-04,부산광역시          ,22431,15954
기초교육급여,2021-04,대구광역시          ,16690,11811
기초교육급여,2021-04,인천광역시          ,21890,14985
기초교육급여,2021-04,광주광역시          ,14325,9793
기초교육급여,2021-04,대전광역시          ,10161,7013
기초교육급여,2021-04,울산광역시          ,2620,1839
기초교육급여,2021-04,세종특별자치시      ,1280,850
기초교육급여,2021-04,경기도              ,58610,39968
기초교육급여,2021-04,강원도              ,10166,7086
기초교육급여,2021-04,충청북도            ,10341,6971
기초교육급여,2021-04,충청남도            ,11325,7647
기초교육급여,2021-04,전라북도            ,18305,12041
기초교육급여,2021-04,전라남도            ,14070,9462
기초교육급여,2021-04,경상북도            ,17111,11746
기초교육급여,2021-04,경상남도            ,22462,15203
기초교육급여,2021-04,제주특별자치도      ,5361,3537
기초교육급여,2021-05,서울특별시          ,40756,29261
기초교육급여,2021-05,부산광역시          ,23074,16356
기초교육급여,2021-05,대구광역시          ,17193,12147
기초교육급여,2021-05,인천광역시          ,22669,15436
기초교육급여,2021-05,광주광역시          ,14575,9956
기초교육급여,2021-05,대전광역시          ,10526,7263
기초교육급여,2021-05,울산광역시          ,2789,1941
기초교육급여,2021-05,세종특별자치시      ,1385,913
기초교육급여,2021-05,경기도              ,60836,41270
기초교육급여,2021-05,강원도              ,10601,7334
기초교육급여,2021-05,충청북도            ,10929,7306
기초교육급여,2021-05,충청남도            ,11888,7957
기초교육급여,2021-05,전라북도            ,18983,12423
기초교육급여,2021-05,전라남도            ,14555,9737
기초교육급여,2021-05,경상북도            ,17696,12106
기초교육급여,2021-05,경상남도            ,23902,16007
기초교육급여,2021-05,제주특별자치도      ,5805,3812
기초교육급여,2021-06,서울특별시          ,41371,29643
기초교육급여,2021-06,부산광역시          ,23401,16570
기초교육급여,2021-06,대구광역시          ,17336,12213
기초교육급여,2021-06,인천광역시          ,23255,15794
기초교육급여,2021-06,광주광역시          ,14699,10024
기초교육급여,2021-06,대전광역시          ,10625,7324
기초교육급여,2021-06,울산광역시          ,2813,1949
기초교육급여,2021-06,세종특별자치시      ,1403,928
기초교육급여,2021-06,경기도              ,61800,41837
기초교육급여,2021-06,강원도              ,10741,7418
기초교육급여,2021-06,충청북도            ,11075,7389
기초교육급여,2021-06,충청남도            ,12087,8066
기초교육급여,2021-06,전라북도            ,19096,12488
기초교육급여,2021-06,전라남도            ,14674,9802
기초교육급여,2021-06,경상북도            ,17865,12213
기초교육급여,2021-06,경상남도            ,24347,16259
기초교육급여,2021-06,제주특별자치도      ,5855,3847
기초교육급여,2021-07,서울특별시          ,41440,29673
기초교육급여,2021-07,부산광역시          ,23423,16590
기초교육급여,2021-07,대구광역시          ,17342,12211
기초교육급여,2021-07,인천광역시          ,23365,15862
기초교육급여,2021-07,광주광역시          ,14678,9997
기초교육급여,2021-07,대전광역시          ,10634,7338
기초교육급여,2021-07,울산광역시          ,2806,1944
기초교육급여,2021-07,세종특별자치시      ,1417,933
기초교육급여,2021-07,경기도              ,61614,41682
기초교육급여,2021-07,강원도              ,10654,7353
기초교육급여,2021-07,충청북도            ,11093,7399
기초교육급여,2021-07,충청남도            ,12108,8086
기초교육급여,2021-07,전라북도            ,19027,12444
기초교육급여,2021-07,전라남도            ,14627,9776
기초교육급여,2021-07,경상북도            ,17783,12175
기초교육급여,2021-07,경상남도            ,24426,16284
기초교육급여,2021-07,제주특별자치도      ,5850,3843
기초교육급여,2021-08,서울특별시          ,41457,29678
기초교육급여,2021-08,부산광역시          ,23436,16603
기초교육급여,2021-08,대구광역시          ,17272,12145
기초교육급여,2021-08,인천광역시          ,23310,15842
기초교육급여,2021-08,광주광역시          ,14657,9988
기초교육급여,2021-08,대전광역시          ,10650,7346
기초교육급여,2021-08,울산광역시          ,2827,1949
기초교육급여,2021-08,세종특별자치시      ,1406,927
기초교육급여,2021-08,경기도              ,61315,41451
기초교육급여,2021-08,강원도              ,10637,7337
기초교육급여,2021-08,충청북도            ,11087,7400
기초교육급여,2021-08,충청남도            ,12123,8073
기초교육급여,2021-08,전라북도            ,18985,12409
기초교육급여,2021-08,전라남도            ,14632,9772
기초교육급여,2021-08,경상북도            ,17793,12188
기초교육급여,2021-08,경상남도            ,24340,16249
기초교육급여,2021-08,제주특별자치도      ,5884,3869
기초교육급여,2021-09,서울특별시          ,41383,29630
기초교육급여,2021-09,부산광역시          ,23470,16614
기초교육급여,2021-09,대구광역시          ,17301,12158
기초교육급여,2021-09,인천광역시          ,23281,15812
기초교육급여,2021-09,광주광역시          ,14652,9985
기초교육급여,2021-09,대전광역시          ,10626,7327
기초교육급여,2021-09,울산광역시          ,2836,1952
기초교육급여,2021-09,세종특별자치시      ,1404,921
기초교육급여,2021-09,경기도              ,61125,41336
기초교육급여,2021-09,강원도              ,10641,7332
기초교육급여,2021-09,충청북도            ,11051,7383
기초교육급여,2021-09,충청남도            ,12147,8082
기초교육급여,2021-09,전라북도            ,18967,12385
기초교육급여,2021-09,전라남도            ,14563,9726
기초교육급여,2021-09,경상북도            ,17808,12196
기초교육급여,2021-09,경상남도            ,24342,16242
기초교육급여,2021-09,제주특별자치도      ,5878,3866
기초교육급여,2021-10,서울특별시          ,41427,29651
기초교육급여,2021-10,부산광역시          ,23505,16648
기초교육급여,2021-10,대구광역시          ,17324,12188
기초교육급여,2021-10,인천광역시          ,23283,15820
기초교육급여,2021-10,광주광역시          ,14658,9985
기초교육급여,2021-10,대전광역시          ,10665,7345
기초교육급여,2021-10,울산광역시          ,2837,1952
기초교육급여,2021-10,세종특별자치시      ,1409,924
기초교육급여,2021-10,경기도              ,61190,41392
기초교육급여,2021-10,강원도              ,10641,7333
기초교육급여,2021-10,충청북도            ,11061,7389
기초교육급여,2021-10,충청남도            ,12156,8092
기초교육급여,2021-10,전라북도            ,18956,12386
기초교육급여,2021-10,전라남도            ,14541,9717
기초교육급여,2021-10,경상북도            ,17862,12226
기초교육급여,2021-10,경상남도            ,24382,16268
기초교육급여,2021-10,제주특별자치도      ,5929,3898
기초교육급여,2021-11,서울특별시          ,41391,29634
기초교육급여,2021-11,부산광역시          ,23545,16677
기초교육급여,2021-11,대구광역시          ,17302,12174
기초교육급여,2021-11,인천광역시          ,23282,15801
기초교육급여,2021-11,광주광역시          ,14614,9960
기초교육급여,2021-11,대전광역시          ,10683,7356
기초교육급여,2021-11,울산광역시          ,2842,1955
기초교육급여,2021-11,세종특별자치시      ,1396,918
기초교육급여,2021-11,경기도              ,61111,41350
기초교육급여,2021-11,강원도              ,10625,7321
기초교육급여,2021-11,충청북도            ,11084,7397
기초교육급여,2021-11,충청남도            ,12222,8122
기초교육급여,2021-11,전라북도            ,18942,12373
기초교육급여,2021-11,전라남도            ,14572,9732
기초교육급여,2021-11,경상북도            ,17951,12287
기초교육급여,2021-11,경상남도            ,24455,16309
기초교육급여,2021-11,제주특별자치도      ,5918,3893
기초교육급여,2021-12,서울특별시          ,41217,29493
기초교육급여,2021-12,부산광역시          ,23449,16610
기초교육급여,2021-12,대구광역시          ,17305,12170
기초교육급여,2021-12,인천광역시          ,23142,15708
기초교육급여,2021-12,광주광역시          ,14562,9935
기초교육급여,2021-12,대전광역시          ,10644,7329
기초교육급여,2021-12,울산광역시          ,2851,1958
기초교육급여,2021-12,세종특별자치시      ,1423,938
기초교육급여,2021-12,경기도              ,60712,41078
기초교육급여,2021-12,강원도              ,10651,7341
기초교육급여,2021-12,충청북도            ,11007,7343
기초교육급여,2021-12,충청남도            ,12215,8121
기초교육급여,2021-12,전라북도            ,18919,12361
기초교육급여,2021-12,전라남도            ,14468,9671
기초교육급여,2021-12,경상북도            ,17923,12262
기초교육급여,2021-12,경상남도            ,24434,16289
기초교육급여,2021-12,제주특별자치도      ,5918,3887
차상위장애인,2021-01,서울특별시          ,23311,22416
차상위장애인,2021-01,부산광역시          ,11663,11249
차상위장애인,2021-01,대구광역시          ,8178,7875
차상위장애인,2021-01,인천광역시          ,9073,8690
차상위장애인,2021-01,광주광역시          ,5104,4922
차상위장애인,2021-01,대전광역시          ,4466,4247
차상위장애인,2021-01,울산광역시          ,2910,2798
차상위장애인,2021-01,세종특별자치시      ,567,547
차상위장애인,2021-01,경기도              ,30368,29172
차상위장애인,2021-01,강원도              ,7839,7501
차상위장애인,2021-01,충청북도            ,6732,6449
차상위장애인,2021-01,충청남도            ,7552,7188
차상위장애인,2021-01,전라북도            ,11242,10758
차상위장애인,2021-01,전라남도            ,12915,12408
차상위장애인,2021-01,경상북도            ,13230,12705
차상위장애인,2021-01,경상남도            ,12276,11822
차상위장애인,2021-01,제주특별자치도      ,2090,2019
차상위장애인,2021-02,서울특별시          ,22973,22097
차상위장애인,2021-02,부산광역시          ,11361,10961
차상위장애인,2021-02,대구광역시          ,7965,7673
차상위장애인,2021-02,인천광역시          ,8982,8611
차상위장애인,2021-02,광주광역시          ,5037,4864
차상위장애인,2021-02,대전광역시          ,4404,4189
차상위장애인,2021-02,울산광역시          ,2871,2762
차상위장애인,2021-02,세종특별자치시      ,568,549
차상위장애인,2021-02,경기도              ,30252,29069
차상위장애인,2021-02,강원도              ,7752,7416
차상위장애인,2021-02,충청북도            ,6614,6340
차상위장애인,2021-02,충청남도            ,7494,7126
차상위장애인,2021-02,전라북도            ,11047,10575
차상위장애인,2021-02,전라남도            ,12700,12207
차상위장애인,2021-02,경상북도            ,13119,12596
차상위장애인,2021-02,경상남도            ,12168,11724
차상위장애인,2021-02,제주특별자치도      ,2077,2005
차상위장애인,2021-03,서울특별시          ,22246,21389
차상위장애인,2021-03,부산광역시          ,10933,10547
차상위장애인,2021-03,대구광역시          ,7590,7317
차상위장애인,2021-03,인천광역시          ,8735,8379
차상위장애인,2021-03,광주광역시          ,4910,4738
차상위장애인,2021-03,대전광역시          ,4257,4048
차상위장애인,2021-03,울산광역시          ,2829,2720
차상위장애인,2021-03,세종특별자치시      ,565,547
차상위장애인,2021-03,경기도              ,29850,28703
차상위장애인,2021-03,강원도              ,7523,7204
차상위장애인,2021-03,충청북도            ,6280,6032
차상위장애인,2021-03,충청남도            ,7178,6823
차상위장애인,2021-03,전라북도            ,10652,10201
차상위장애인,2021-03,전라남도            ,12174,11690
차상위장애인,2021-03,경상북도            ,12609,12095
차상위장애인,2021-03,경상남도            ,11895,11466
차상위장애인,2021-03,제주특별자치도      ,2036,1962
차상위장애인,2021-04,서울특별시          ,21787,20947
차상위장애인,2021-04,부산광역시          ,10692,10320
차상위장애인,2021-04,대구광역시          ,7388,7123
차상위장애인,2021-04,인천광역시          ,8534,8192
차상위장애인,2021-04,광주광역시          ,4846,4669
차상위장애인,2021-04,대전광역시          ,4190,3986
차상위장애인,2021-04,울산광역시          ,2778,2672
차상위장애인,2021-04,세종특별자치시      ,564,543
차상위장애인,2021-04,경기도              ,29571,28432
차상위장애인,2021-04,강원도              ,7356,7041
차상위장애인,2021-04,충청북도            ,6117,5877
차상위장애인,2021-04,충청남도            ,7001,6649
차상위장애인,2021-04,전라북도            ,10401,9955
차상위장애인,2021-04,전라남도            ,11849,11379
차상위장애인,2021-04,경상북도            ,12339,11844
차상위장애인,2021-04,경상남도            ,11727,11300
차상위장애인,2021-04,제주특별자치도      ,2003,1932
차상위장애인,2021-05,서울특별시          ,21458,20627
차상위장애인,2021-05,부산광역시          ,10566,10196
차상위장애인,2021-05,대구광역시          ,7310,7046
차상위장애인,2021-05,인천광역시          ,8331,8001
차상위장애인,2021-05,광주광역시          ,4784,4605
차상위장애인,2021-05,대전광역시          ,4152,3954
차상위장애인,2021-05,울산광역시          ,2768,2660
차상위장애인,2021-05,세종특별자치시      ,560,538
차상위장애인,2021-05,경기도              ,29216,28085
차상위장애인,2021-05,강원도              ,7236,6931
차상위장애인,2021-05,충청북도            ,5997,5768
차상위장애인,2021-05,충청남도            ,6846,6511
차상위장애인,2021-05,전라북도            ,10223,9793
차상위장애인,2021-05,전라남도            ,11625,11161
차상위장애인,2021-05,경상북도            ,12123,11653
차상위장애인,2021-05,경상남도            ,11553,11125
차상위장애인,2021-05,제주특별자치도      ,2003,1932
차상위장애인,2021-06,서울특별시          ,21312,20490
차상위장애인,2021-06,부산광역시          ,10519,10146
차상위장애인,2021-06,대구광역시          ,7341,7081
차상위장애인,2021-06,인천광역시          ,8269,7949
차상위장애인,2021-06,광주광역시          ,4744,4572
차상위장애인,2021-06,대전광역시          ,4121,3926
차상위장애인,2021-06,울산광역시          ,2768,2659
차상위장애인,2021-06,세종특별자치시      ,564,542
차상위장애인,2021-06,경기도              ,29088,27971
차상위장애인,2021-06,강원도              ,7167,6857
차상위장애인,2021-06,충청북도            ,5954,5732
차상위장애인,2021-06,충청남도            ,6820,6486
차상위장애인,2021-06,전라북도            ,10073,9650
차상위장애인,2021-06,전라남도            ,11438,10980
차상위장애인,2021-06,경상북도            ,12032,11563
차상위장애인,2021-06,경상남도            ,11471,11050
차상위장애인,2021-06,제주특별자치도      ,1983,1910
차상위장애인,2021-07,서울특별시          ,21211,20395
차상위장애인,2021-07,부산광역시          ,10464,10090
차상위장애인,2021-07,대구광역시          ,7325,7067
차상위장애인,2021-07,인천광역시          ,8255,7933
차상위장애인,2021-07,광주광역시          ,4706,4532
차상위장애인,2021-07,대전광역시          ,4081,3885
차상위장애인,2021-07,울산광역시          ,2745,2634
차상위장애인,2021-07,세종특별자치시      ,554,532
차상위장애인,2021-07,경기도              ,28881,27778
차상위장애인,2021-07,강원도              ,7091,6782
차상위장애인,2021-07,충청북도            ,5909,5679
차상위장애인,2021-07,충청남도            ,6756,6432
차상위장애인,2021-07,전라북도            ,9983,9562
차상위장애인,2021-07,전라남도            ,11248,10801
차상위장애인,2021-07,경상북도            ,11952,11488
차상위장애인,2021-07,경상남도            ,11387,10966
차상위장애인,2021-07,제주특별자치도      ,1974,1897
차상위장애인,2021-08,서울특별시          ,21122,20304
차상위장애인,2021-08,부산광역시          ,10423,10054
차상위장애인,2021-08,대구광역시          ,7324,7070
차상위장애인,2021-08,인천광역시          ,8259,7941
차상위장애인,2021-08,광주광역시          ,4726,4546
차상위장애인,2021-08,대전광역시          ,4060,3864
차상위장애인,2021-08,울산광역시          ,2727,2616
차상위장애인,2021-08,세종특별자치시      ,554,532
차상위장애인,2021-08,경기도              ,28807,27709
차상위장애인,2021-08,강원도              ,7053,6743
차상위장애인,2021-08,충청북도            ,5862,5628
차상위장애인,2021-08,충청남도            ,6739,6417
차상위장애인,2021-08,전라북도            ,9950,9531
차상위장애인,2021-08,전라남도            ,11164,10716
차상위장애인,2021-08,경상북도            ,11931,11465
차상위장애인,2021-08,경상남도            ,11315,10900
차상위장애인,2021-08,제주특별자치도      ,1957,1881
차상위장애인,2021-09,서울특별시          ,20976,20173
차상위장애인,2021-09,부산광역시          ,10372,10004
차상위장애인,2021-09,대구광역시          ,7295,7041
차상위장애인,2021-09,인천광역시          ,8234,7923
차상위장애인,2021-09,광주광역시          ,4717,4536
차상위장애인,2021-09,대전광역시          ,4047,3852
차상위장애인,2021-09,울산광역시          ,2722,2613
차상위장애인,2021-09,세종특별자치시      ,553,531
차상위장애인,2021-09,경기도              ,28658,27573
차상위장애인,2021-09,강원도              ,6986,6679
차상위장애인,2021-09,충청북도            ,5828,5595
차상위장애인,2021-09,충청남도            ,6711,6385
차상위장애인,2021-09,전라북도            ,9906,9487
차상위장애인,2021-09,전라남도            ,11082,10633
차상위장애인,2021-09,경상북도            ,11869,11404
차상위장애인,2021-09,경상남도            ,11254,10847
차상위장애인,2021-09,제주특별자치도      ,1952,1877
차상위장애인,2021-10,서울특별시          ,20889,20103
차상위장애인,2021-10,부산광역시          ,10336,9974
차상위장애인,2021-10,대구광역시          ,7260,7010
차상위장애인,2021-10,인천광역시          ,8176,7869
차상위장애인,2021-10,광주광역시          ,4675,4495
차상위장애인,2021-10,대전광역시          ,4039,3846
차상위장애인,2021-10,울산광역시          ,2709,2603
차상위장애인,2021-10,세종특별자치시      ,548,527
차상위장애인,2021-10,경기도              ,28566,27486
차상위장애인,2021-10,강원도              ,6921,6615
차상위장애인,2021-10,충청북도            ,5783,5553
차상위장애인,2021-10,충청남도            ,6680,6356
차상위장애인,2021-10,전라북도            ,9825,9415
차상위장애인,2021-10,전라남도            ,10981,10541
차상위장애인,2021-10,경상북도            ,11826,11361
차상위장애인,2021-10,경상남도            ,11150,10750
차상위장애인,2021-10,제주특별자치도      ,1935,1859
차상위장애인,2021-11,서울특별시          ,20684,19913
차상위장애인,2021-11,부산광역시          ,10191,9834
차상위장애인,2021-11,대구광역시          ,7184,6935
차상위장애인,2021-11,인천광역시          ,8094,7796
차상위장애인,2021-11,광주광역시          ,4637,4456
차상위장애인,2021-11,대전광역시          ,3998,3803
차상위장애인,2021-11,울산광역시          ,2675,2574
차상위장애인,2021-11,세종특별자치시      ,537,516
차상위장애인,2021-11,경기도              ,28296,27216
차상위장애인,2021-11,강원도              ,6793,6489
차상위장애인,2021-11,충청북도            ,5709,5486
차상위장애인,2021-11,충청남도            ,6629,6305
차상위장애인,2021-11,전라북도            ,9690,9293
차상위장애인,2021-11,전라남도            ,10832,10396
차상위장애인,2021-11,경상북도            ,11696,11237
차상위장애인,2021-11,경상남도            ,10987,10597
차상위장애인,2021-11,제주특별자치도      ,1908,1832
차상위장애인,2021-12,서울특별시          ,20453,19683
차상위장애인,2021-12,부산광역시          ,10079,9726
차상위장애인,2021-12,대구광역시          ,7155,6900
차상위장애인,2021-12,인천광역시          ,8061,7755
차상위장애인,2021-12,광주광역시          ,4607,4423
차상위장애인,2021-12,대전광역시          ,3960,3761
차상위장애인,2021-12,울산광역시          ,2655,2559
차상위장애인,2021-12,세종특별자치시      ,542,523
차상위장애인,2021-12,경기도              ,28011,26930
차상위장애인,2021-12,강원도              ,6730,6422
차상위장애인,2021-12,충청북도            ,5645,5420
차상위장애인,2021-12,충청남도            ,6587,6259
차상위장애인,2021-12,전라북도            ,9621,9230
차상위장애인,2021-12,전라남도            ,10731,10300
차상위장애인,2021-12,경상북도            ,11592,11131
차상위장애인,2021-12,경상남도            ,10919,10519
차상위장애인,2021-12,제주특별자치도      ,1876,1800
차상위자활,2021-01,서울특별시          ,1240,1201
차상위자활,2021-01,부산광역시          ,923,896
차상위자활,2021-01,대구광역시          ,479,465
차상위자활,2021-01,인천광역시          ,497,479
차상위자활,2021-01,광주광역시          ,468,454
차상위자활,2021-01,대전광역시          ,654,625
차상위자활,2021-01,울산광역시          ,324,314
차상위자활,2021-01,세종특별자치시      ,58,57
차상위자활,2021-01,경기도              ,1731,1669
차상위자활,2021-01,강원도              ,811,757
차상위자활,2021-01,충청북도            ,511,488
차상위자활,2021-01,충청남도            ,651,620
차상위자활,2021-01,전라북도            ,1029,969
차상위자활,2021-01,전라남도            ,1315,1259
차상위자활,2021-01,경상북도            ,878,843
차상위자활,2021-01,경상남도            ,1413,1368
차상위자활,2021-01,제주특별자치도      ,122,118
차상위자활,2021-02,서울특별시          ,1236,1195
차상위자활,2021-02,부산광역시          ,911,881
차상위자활,2021-02,대구광역시          ,472,459
차상위자활,2021-02,인천광역시          ,497,480
차상위자활,2021-02,광주광역시          ,473,460
차상위자활,2021-02,대전광역시          ,660,631
차상위자활,2021-02,울산광역시          ,348,339
차상위자활,2021-02,세종특별자치시      ,60,59
차상위자활,2021-02,경기도              ,1728,1667
차상위자활,2021-02,강원도              ,832,778
차상위자활,2021-02,충청북도            ,511,487
차상위자활,2021-02,충청남도            ,659,628
차상위자활,2021-02,전라북도            ,1035,972
차상위자활,2021-02,전라남도            ,1337,1281
차상위자활,2021-02,경상북도            ,881,848
차상위자활,2021-02,경상남도            ,1441,1394
차상위자활,2021-02,제주특별자치도      ,119,114
차상위자활,2021-03,서울특별시          ,1236,1195
차상위자활,2021-03,부산광역시          ,877,847
차상위자활,2021-03,대구광역시          ,489,474
차상위자활,2021-03,인천광역시          ,494,476
차상위자활,2021-03,광주광역시          ,481,467
차상위자활,2021-03,대전광역시          ,653,624
차상위자활,2021-03,울산광역시          ,361,351
차상위자활,2021-03,세종특별자치시      ,58,57
차상위자활,2021-03,경기도              ,1683,1621
차상위자활,2021-03,강원도              ,851,795
차상위자활,2021-03,충청북도            ,512,489
차상위자활,2021-03,충청남도            ,663,633
차상위자활,2021-03,전라북도            ,1029,967
차상위자활,2021-03,전라남도            ,1363,1307
차상위자활,2021-03,경상북도            ,893,858
차상위자활,2021-03,경상남도            ,1466,1412
차상위자활,2021-03,제주특별자치도      ,127,122
차상위자활,2021-04,서울특별시          ,1241,1198
차상위자활,2021-04,부산광역시          ,883,852
차상위자활,2021-04,대구광역시          ,494,477
차상위자활,2021-04,인천광역시          ,501,484
차상위자활,2021-04,광주광역시          ,474,459
차상위자활,2021-04,대전광역시          ,661,631
차상위자활,2021-04,울산광역시          ,368,358
차상위자활,2021-04,세종특별자치시      ,57,56
차상위자활,2021-04,경기도              ,1703,1639
차상위자활,2021-04,강원도              ,870,811
차상위자활,2021-04,충청북도            ,504,482
차상위자활,2021-04,충청남도            ,661,631
차상위자활,2021-04,전라북도            ,1039,975
차상위자활,2021-04,전라남도            ,1370,1313
차상위자활,2021-04,경상북도            ,897,864
차상위자활,2021-04,경상남도            ,1457,1405
차상위자활,2021-04,제주특별자치도      ,133,126
차상위자활,2021-05,서울특별시          ,1242,1194
차상위자활,2021-05,부산광역시          ,875,843
차상위자활,2021-05,대구광역시          ,484,469
차상위자활,2021-05,인천광역시          ,505,486
차상위자활,2021-05,광주광역시          ,477,462
차상위자활,2021-05,대전광역시          ,657,626
차상위자활,2021-05,울산광역시          ,377,367
차상위자활,2021-05,세종특별자치시      ,56,55
차상위자활,2021-05,경기도              ,1702,1640
차상위자활,2021-05,강원도              ,871,813
차상위자활,2021-05,충청북도            ,489,465
차상위자활,2021-05,충청남도            ,670,640
차상위자활,2021-05,전라북도            ,1041,976
차상위자활,2021-05,전라남도            ,1365,1306
차상위자활,2021-05,경상북도            ,900,867
차상위자활,2021-05,경상남도            ,1450,1397
차상위자활,2021-05,제주특별자치도      ,139,132
차상위자활,2021-06,서울특별시          ,1237,1186
차상위자활,2021-06,부산광역시          ,841,813
차상위자활,2021-06,대구광역시          ,471,456
차상위자활,2021-06,인천광역시          ,499,479
차상위자활,2021-06,광주광역시          ,465,450
차상위자활,2021-06,대전광역시          ,658,628
차상위자활,2021-06,울산광역시          ,378,367
차상위자활,2021-06,세종특별자치시      ,57,56
차상위자활,2021-06,경기도              ,1653,1595
차상위자활,2021-06,강원도              ,861,803
차상위자활,2021-06,충청북도            ,483,459
차상위자활,2021-06,충청남도            ,638,609
차상위자활,2021-06,전라북도            ,1013,948
차상위자활,2021-06,전라남도            ,1350,1292
차상위자활,2021-06,경상북도            ,901,868
차상위자활,2021-06,경상남도            ,1416,1363
차상위자활,2021-06,제주특별자치도      ,137,130
차상위자활,2021-07,서울특별시          ,1238,1188
차상위자활,2021-07,부산광역시          ,848,818
차상위자활,2021-07,대구광역시          ,464,449
차상위자활,2021-07,인천광역시          ,499,479
차상위자활,2021-07,광주광역시          ,458,443
차상위자활,2021-07,대전광역시          ,647,618
차상위자활,2021-07,울산광역시          ,382,371
차상위자활,2021-07,세종특별자치시      ,64,62
차상위자활,2021-07,경기도              ,1627,1570
차상위자활,2021-07,강원도              ,825,770
차상위자활,2021-07,충청북도            ,462,440
차상위자활,2021-07,충청남도            ,609,580
차상위자활,2021-07,전라북도            ,983,917
차상위자활,2021-07,전라남도            ,1306,1250
차상위자활,2021-07,경상북도            ,904,870
차상위자활,2021-07,경상남도            ,1383,1333
차상위자활,2021-07,제주특별자치도      ,135,128
차상위자활,2021-08,서울특별시          ,1218,1169
차상위자활,2021-08,부산광역시          ,848,821
차상위자활,2021-08,대구광역시          ,457,442
차상위자활,2021-08,인천광역시          ,490,471
차상위자활,2021-08,광주광역시          ,440,424
차상위자활,2021-08,대전광역시          ,648,617
차상위자활,2021-08,울산광역시          ,384,371
차상위자활,2021-08,세종특별자치시      ,61,59
차상위자활,2021-08,경기도              ,1567,1508
차상위자활,2021-08,강원도              ,795,744
차상위자활,2021-08,충청북도            ,431,416
차상위자활,2021-08,충청남도            ,585,561
차상위자활,2021-08,전라북도            ,950,883
차상위자활,2021-08,전라남도            ,1275,1219
차상위자활,2021-08,경상북도            ,882,848
차상위자활,2021-08,경상남도            ,1344,1298
차상위자활,2021-08,제주특별자치도      ,133,124
차상위자활,2021-09,서울특별시          ,1218,1168
차상위자활,2021-09,부산광역시          ,829,803
차상위자활,2021-09,대구광역시          ,449,435
차상위자활,2021-09,인천광역시          ,483,464
차상위자활,2021-09,광주광역시          ,420,407
차상위자활,2021-09,대전광역시          ,636,607
차상위자활,2021-09,울산광역시          ,382,368
차상위자활,2021-09,세종특별자치시      ,65,62
차상위자활,2021-09,경기도              ,1502,1449
차상위자활,2021-09,강원도              ,795,746
차상위자활,2021-09,충청북도            ,428,412
차상위자활,2021-09,충청남도            ,578,556
차상위자활,2021-09,전라북도            ,929,864
차상위자활,2021-09,전라남도            ,1255,1199
차상위자활,2021-09,경상북도            ,889,855
차상위자활,2021-09,경상남도            ,1283,1241
차상위자활,2021-09,제주특별자치도      ,130,121
차상위자활,2021-10,서울특별시          ,1229,1181
차상위자활,2021-10,부산광역시          ,825,800
차상위자활,2021-10,대구광역시          ,443,430
차상위자활,2021-10,인천광역시          ,482,463
차상위자활,2021-10,광주광역시          ,406,394
차상위자활,2021-10,대전광역시          ,628,599
차상위자활,2021-10,울산광역시          ,383,368
차상위자활,2021-10,세종특별자치시      ,63,62
차상위자활,2021-10,경기도              ,1508,1455
차상위자활,2021-10,강원도              ,789,743
차상위자활,2021-10,충청북도            ,431,413
차상위자활,2021-10,충청남도            ,582,557
차상위자활,2021-10,전라북도            ,915,851
차상위자활,2021-10,전라남도            ,1228,1176
차상위자활,2021-10,경상북도            ,886,852
차상위자활,2021-10,경상남도            ,1276,1232
차상위자활,2021-10,제주특별자치도      ,128,119
차상위자활,2021-11,서울특별시          ,1191,1142
차상위자활,2021-11,부산광역시          ,805,780
차상위자활,2021-11,대구광역시          ,442,429
차상위자활,2021-11,인천광역시          ,475,456
차상위자활,2021-11,광주광역시          ,415,403
차상위자활,2021-11,대전광역시          ,618,591
차상위자활,2021-11,울산광역시          ,387,371
차상위자활,2021-11,세종특별자치시      ,62,61
차상위자활,2021-11,경기도              ,1493,1439
차상위자활,2021-11,강원도              ,792,745
차상위자활,2021-11,충청북도            ,427,409
차상위자활,2021-11,충청남도            ,575,550
차상위자활,2021-11,전라북도            ,896,836
차상위자활,2021-11,전라남도            ,1212,1159
차상위자활,2021-11,경상북도            ,882,848
차상위자활,2021-11,경상남도            ,1264,1220
차상위자활,2021-11,제주특별자치도      ,121,116
차상위자활,2021-12,서울특별시          ,1151,1104
차상위자활,2021-12,부산광역시          ,751,730
차상위자활,2021-12,대구광역시          ,440,427
차상위자활,2021-12,인천광역시          ,461,444
차상위자활,2021-12,광주광역시          ,409,398
차상위자활,2021-12,대전광역시          ,606,578
차상위자활,2021-12,울산광역시          ,384,367
차상위자활,2021-12,세종특별자치시      ,56,55
차상위자활,2021-12,경기도              ,1442,1393
차상위자활,2021-12,강원도              ,785,738
차상위자활,2021-12,충청북도            ,406,390
차상위자활,2021-12,충청남도            ,564,539
차상위자활,2021-12,전라북도            ,873,818
차상위자활,2021-12,전라남도            ,1193,1139
차상위자활,2021-12,경상북도            ,857,824
차상위자활,2021-12,경상남도            ,1243,1199
차상위자활,2021-12,제주특별자치도      ,120,115
차상위본인부담경감대상자,2021-01,서울특별시          ,42043,32867
차상위본인부담경감대상자,2021-01,부산광역시          ,19034,15363
차상위본인부담경감대상자,2021-01,대구광역시          ,18230,14061
차상위본인부담경감대상자,2021-01,인천광역시          ,13827,10490
차상위본인부담경감대상자,2021-01,광주광역시          ,12067,8952
차상위본인부담경감대상자,2021-01,대전광역시          ,8407,6320
차상위본인부담경감대상자,2021-01,울산광역시          ,3828,2944
차상위본인부담경감대상자,2021-01,세종특별자치시      ,1011,737
차상위본인부담경감대상자,2021-01,경기도              ,47533,36382
차상위본인부담경감대상자,2021-01,강원도              ,10433,8263
차상위본인부담경감대상자,2021-01,충청북도            ,8005,6133
차상위본인부담경감대상자,2021-01,충청남도            ,7721,6162
차상위본인부담경감대상자,2021-01,전라북도            ,22979,17568
차상위본인부담경감대상자,2021-01,전라남도            ,18063,14511
차상위본인부담경감대상자,2021-01,경상북도            ,15810,12613
차상위본인부담경감대상자,2021-01,경상남도            ,17014,13287
차상위본인부담경감대상자,2021-01,제주특별자치도      ,4641,3360
차상위본인부담경감대상자,2021-02,서울특별시          ,42154,32956
차상위본인부담경감대상자,2021-02,부산광역시          ,19116,15433
차상위본인부담경감대상자,2021-02,대구광역시          ,18216,14065
차상위본인부담경감대상자,2021-02,인천광역시          ,13872,10533
차상위본인부담경감대상자,2021-02,광주광역시          ,12116,8946
차상위본인부담경감대상자,2021-02,대전광역시          ,8396,6314
차상위본인부담경감대상자,2021-02,울산광역시          ,3871,2968
차상위본인부담경감대상자,2021-02,세종특별자치시      ,994,732
차상위본인부담경감대상자,2021-02,경기도              ,47594,36442
차상위본인부담경감대상자,2021-02,강원도              ,10443,8270
차상위본인부담경감대상자,2021-02,충청북도            ,8014,6120
차상위본인부담경감대상자,2021-02,충청남도            ,7703,6147
차상위본인부담경감대상자,2021-02,전라북도            ,22881,17503
차상위본인부담경감대상자,2021-02,전라남도            ,17874,14334
차상위본인부담경감대상자,2021-02,경상북도            ,15840,12634
차상위본인부담경감대상자,2021-02,경상남도            ,17095,13329
차상위본인부담경감대상자,2021-02,제주특별자치도      ,4617,3345
차상위본인부담경감대상자,2021-03,서울특별시          ,42455,33237
차상위본인부담경감대상자,2021-03,부산광역시          ,19359,15580
차상위본인부담경감대상자,2021-03,대구광역시          ,18149,14010
차상위본인부담경감대상자,2021-03,인천광역시          ,14000,10640
차상위본인부담경감대상자,2021-03,광주광역시          ,12142,8938
차상위본인부담경감대상자,2021-03,대전광역시          ,8384,6298
차상위본인부담경감대상자,2021-03,울산광역시          ,3944,3003
차상위본인부담경감대상자,2021-03,세종특별자치시      ,987,729
차상위본인부담경감대상자,2021-03,경기도              ,47669,36476
차상위본인부담경감대상자,2021-03,강원도              ,10469,8267
차상위본인부담경감대상자,2021-03,충청북도            ,8034,6128
차상위본인부담경감대상자,2021-03,충청남도            ,7743,6167
차상위본인부담경감대상자,2021-03,전라북도            ,22853,17448
차상위본인부담경감대상자,2021-03,전라남도            ,17754,14224
차상위본인부담경감대상자,2021-03,경상북도            ,15747,12578
차상위본인부담경감대상자,2021-03,경상남도            ,17305,13449
차상위본인부담경감대상자,2021-03,제주특별자치도      ,4675,3374
차상위본인부담경감대상자,2021-04,서울특별시          ,42838,33541
차상위본인부담경감대상자,2021-04,부산광역시          ,19755,15852
차상위본인부담경감대상자,2021-04,대구광역시          ,18446,14215
차상위본인부담경감대상자,2021-04,인천광역시          ,14243,10801
차상위본인부담경감대상자,2021-04,광주광역시          ,12308,9039
차상위본인부담경감대상자,2021-04,대전광역시          ,8500,6367
차상위본인부담경감대상자,2021-04,울산광역시          ,3975,3025
차상위본인부담경감대상자,2021-04,세종특별자치시      ,982,730
차상위본인부담경감대상자,2021-04,경기도              ,48358,36929
차상위본인부담경감대상자,2021-04,강원도              ,10542,8326
차상위본인부담경감대상자,2021-04,충청북도            ,8152,6197
차상위본인부담경감대상자,2021-04,충청남도            ,7790,6199
차상위본인부담경감대상자,2021-04,전라북도            ,23077,17565
차상위본인부담경감대상자,2021-04,전라남도            ,17849,14259
차상위본인부담경감대상자,2021-04,경상북도            ,15827,12608
차상위본인부담경감대상자,2021-04,경상남도            ,17560,13619
차상위본인부담경감대상자,2021-04,제주특별자치도      ,4774,3443
차상위본인부담경감대상자,2021-05,서울특별시          ,43399,33989
차상위본인부담경감대상자,2021-05,부산광역시          ,20136,16153
차상위본인부담경감대상자,2021-05,대구광역시          ,18822,14486
차상위본인부담경감대상자,2021-05,인천광역시          ,14539,11016
차상위본인부담경감대상자,2021-05,광주광역시          ,12405,9105
차상위본인부담경감대상자,2021-05,대전광역시          ,8620,6433
차상위본인부담경감대상자,2021-05,울산광역시          ,4026,3062
차상위본인부담경감대상자,2021-05,세종특별자치시      ,985,726
차상위본인부담경감대상자,2021-05,경기도              ,48839,37258
차상위본인부담경감대상자,2021-05,강원도              ,10627,8398
차상위본인부담경감대상자,2021-05,충청북도            ,8260,6267
차상위본인부담경감대상자,2021-05,충청남도            ,7886,6278
차상위본인부담경감대상자,2021-05,전라북도            ,23196,17645
차상위본인부담경감대상자,2021-05,전라남도            ,17954,14333
차상위본인부담경감대상자,2021-05,경상북도            ,15919,12682
차상위본인부담경감대상자,2021-05,경상남도            ,17850,13830
차상위본인부담경감대상자,2021-05,제주특별자치도      ,4857,3485
차상위본인부담경감대상자,2021-06,서울특별시          ,43386,34018
차상위본인부담경감대상자,2021-06,부산광역시          ,20375,16365
차상위본인부담경감대상자,2021-06,대구광역시          ,18710,14391
차상위본인부담경감대상자,2021-06,인천광역시          ,14867,11242
차상위본인부담경감대상자,2021-06,광주광역시          ,12373,9077
차상위본인부담경감대상자,2021-06,대전광역시          ,8621,6437
차상위본인부담경감대상자,2021-06,울산광역시          ,3982,3020
차상위본인부담경감대상자,2021-06,세종특별자치시      ,961,705
차상위본인부담경감대상자,2021-06,경기도              ,49064,37458
차상위본인부담경감대상자,2021-06,강원도              ,10592,8398
차상위본인부담경감대상자,2021-06,충청북도            ,8220,6243
차상위본인부담경감대상자,2021-06,충청남도            ,7917,6309
차상위본인부담경감대상자,2021-06,전라북도            ,22956,17510
차상위본인부담경감대상자,2021-06,전라남도            ,17967,14348
차상위본인부담경감대상자,2021-06,경상북도            ,15990,12753
차상위본인부담경감대상자,2021-06,경상남도            ,17737,13768
차상위본인부담경감대상자,2021-06,제주특별자치도      ,4876,3511
차상위본인부담경감대상자,2021-07,서울특별시          ,43442,34127
차상위본인부담경감대상자,2021-07,부산광역시          ,20537,16498
차상위본인부담경감대상자,2021-07,대구광역시          ,18620,14330
차상위본인부담경감대상자,2021-07,인천광역시          ,14884,11254
차상위본인부담경감대상자,2021-07,광주광역시          ,12274,9034
차상위본인부담경감대상자,2021-07,대전광역시          ,8591,6427
차상위본인부담경감대상자,2021-07,울산광역시          ,3986,3034
차상위본인부담경감대상자,2021-07,세종특별자치시      ,948,701
차상위본인부담경감대상자,2021-07,경기도              ,48606,37180
차상위본인부담경감대상자,2021-07,강원도              ,10540,8378
차상위본인부담경감대상자,2021-07,충청북도            ,8205,6252
차상위본인부담경감대상자,2021-07,충청남도            ,7940,6326
차상위본인부담경감대상자,2021-07,전라북도            ,22868,17460
차상위본인부담경감대상자,2021-07,전라남도            ,17755,14182
차상위본인부담경감대상자,2021-07,경상북도            ,16024,12772
차상위본인부담경감대상자,2021-07,경상남도            ,17854,13850
차상위본인부담경감대상자,2021-07,제주특별자치도      ,4841,3490
차상위본인부담경감대상자,2021-08,서울특별시          ,43686,34316
차상위본인부담경감대상자,2021-08,부산광역시          ,20669,16643
차상위본인부담경감대상자,2021-08,대구광역시          ,18650,14368
차상위본인부담경감대상자,2021-08,인천광역시          ,15028,11359
차상위본인부담경감대상자,2021-08,광주광역시          ,12228,8999
차상위본인부담경감대상자,2021-08,대전광역시          ,8598,6444
차상위본인부담경감대상자,2021-08,울산광역시          ,4020,3059
차상위본인부담경감대상자,2021-08,세종특별자치시      ,964,712
차상위본인부담경감대상자,2021-08,경기도              ,48887,37366
차상위본인부담경감대상자,2021-08,강원도              ,10566,8398
차상위본인부담경감대상자,2021-08,충청북도            ,8256,6278
차상위본인부담경감대상자,2021-08,충청남도            ,7952,6334
차상위본인부담경감대상자,2021-08,전라북도            ,22819,17421
차상위본인부담경감대상자,2021-08,전라남도            ,17746,14178
차상위본인부담경감대상자,2021-08,경상북도            ,16028,12779
차상위본인부담경감대상자,2021-08,경상남도            ,17911,13901
차상위본인부담경감대상자,2021-08,제주특별자치도      ,4870,3507
차상위본인부담경감대상자,2021-09,서울특별시          ,43684,34320
차상위본인부담경감대상자,2021-09,부산광역시          ,20738,16693
차상위본인부담경감대상자,2021-09,대구광역시          ,18618,14347
차상위본인부담경감대상자,2021-09,인천광역시          ,15101,11418
차상위본인부담경감대상자,2021-09,광주광역시          ,12197,8976
차상위본인부담경감대상자,2021-09,대전광역시          ,8576,6429
차상위본인부담경감대상자,2021-09,울산광역시          ,4020,3070
차상위본인부담경감대상자,2021-09,세종특별자치시      ,965,712
차상위본인부담경감대상자,2021-09,경기도              ,49005,37481
차상위본인부담경감대상자,2021-09,강원도              ,10564,8397
차상위본인부담경감대상자,2021-09,충청북도            ,8269,6293
차상위본인부담경감대상자,2021-09,충청남도            ,7927,6314
차상위본인부담경감대상자,2021-09,전라북도            ,22773,17393
차상위본인부담경감대상자,2021-09,전라남도            ,17667,14112
차상위본인부담경감대상자,2021-09,경상북도            ,16023,12776
차상위본인부담경감대상자,2021-09,경상남도            ,17980,13979
차상위본인부담경감대상자,2021-09,제주특별자치도      ,4881,3514
차상위본인부담경감대상자,2021-10,서울특별시          ,43869,34512
차상위본인부담경감대상자,2021-10,부산광역시          ,20900,16834
차상위본인부담경감대상자,2021-10,대구광역시          ,18695,14433
차상위본인부담경감대상자,2021-10,인천광역시          ,15212,11499
차상위본인부담경감대상자,2021-10,광주광역시          ,12229,9008
차상위본인부담경감대상자,2021-10,대전광역시          ,8586,6437
차상위본인부담경감대상자,2021-10,울산광역시          ,4026,3076
차상위본인부담경감대상자,2021-10,세종특별자치시      ,967,714
차상위본인부담경감대상자,2021-10,경기도              ,49340,37731
차상위본인부담경감대상자,2021-10,강원도              ,10557,8404
차상위본인부담경감대상자,2021-10,충청북도            ,8268,6305
차상위본인부담경감대상자,2021-10,충청남도            ,7945,6326
차상위본인부담경감대상자,2021-10,전라북도            ,22843,17449
차상위본인부담경감대상자,2021-10,전라남도            ,17684,14130
차상위본인부담경감대상자,2021-10,경상북도            ,16073,12818
차상위본인부담경감대상자,2021-10,경상남도            ,18102,14068
차상위본인부담경감대상자,2021-10,제주특별자치도      ,4908,3532
차상위본인부담경감대상자,2021-11,서울특별시          ,44246,34854
차상위본인부담경감대상자,2021-11,부산광역시          ,21215,17093
차상위본인부담경감대상자,2021-11,대구광역시          ,18852,14579
차상위본인부담경감대상자,2021-11,인천광역시          ,15395,11648
차상위본인부담경감대상자,2021-11,광주광역시          ,12276,9050
차상위본인부담경감대상자,2021-11,대전광역시          ,8624,6477
차상위본인부담경감대상자,2021-11,울산광역시          ,4095,3142
차상위본인부담경감대상자,2021-11,세종특별자치시      ,975,724
차상위본인부담경감대상자,2021-11,경기도              ,49757,38090
차상위본인부담경감대상자,2021-11,강원도              ,10637,8471
차상위본인부담경감대상자,2021-11,충청북도            ,8307,6342
차상위본인부담경감대상자,2021-11,충청남도            ,7987,6376
차상위본인부담경감대상자,2021-11,전라북도            ,22865,17504
차상위본인부담경감대상자,2021-11,전라남도            ,17811,14257
차상위본인부담경감대상자,2021-11,경상북도            ,16209,12918
차상위본인부담경감대상자,2021-11,경상남도            ,18320,14243
차상위본인부담경감대상자,2021-11,제주특별자치도      ,4939,3567
차상위본인부담경감대상자,2021-12,서울특별시          ,44511,35156
차상위본인부담경감대상자,2021-12,부산광역시          ,21555,17390
차상위본인부담경감대상자,2021-12,대구광역시          ,18977,14691
차상위본인부담경감대상자,2021-12,인천광역시          ,15596,11843
차상위본인부담경감대상자,2021-12,광주광역시          ,12346,9135
차상위본인부담경감대상자,2021-12,대전광역시          ,8659,6524
차상위본인부담경감대상자,2021-12,울산광역시          ,4134,3185
차상위본인부담경감대상자,2021-12,세종특별자치시      ,974,724
차상위본인부담경감대상자,2021-12,경기도              ,50061,38374
차상위본인부담경감대상자,2021-12,강원도              ,10745,8556
차상위본인부담경감대상자,2021-12,충청북도            ,8313,6356
차상위본인부담경감대상자,2021-12,충청남도            ,8061,6432
차상위본인부담경감대상자,2021-12,전라북도            ,22974,17583
차상위본인부담경감대상자,2021-12,전라남도            ,17902,14356
차상위본인부담경감대상자,2021-12,경상북도            ,16415,13104
차상위본인부담경감대상자,2021-12,경상남도            ,18496,14422
차상위본인부담경감대상자,2021-12,제주특별자치도      ,4950,3584
기초연금,2021-01,서울특별시          ,844278,667228
기초연금,2021-01,부산광역시          ,464405,364610
기초연금,2021-01,대구광역시          ,276169,217128
기초연금,2021-01,인천광역시          ,296184,235169
기초연금,2021-01,광주광역시          ,136592,108156
기초연금,2021-01,대전광역시          ,137908,109023
기초연금,2021-01,울산광역시          ,92556,73899
기초연금,2021-01,세종특별자치시      ,20316,16196
기초연금,2021-01,경기도              ,1097075,872478
기초연금,2021-01,강원도              ,221725,175791
기초연금,2021-01,충청북도            ,206410,162084
기초연금,2021-01,충청남도            ,294765,229102
기초연금,2021-01,전라북도            ,291375,228281
기초연금,2021-01,전라남도            ,351942,276178
기초연금,2021-01,경상북도            ,435759,340182
기초연금,2021-01,경상남도            ,423211,337355
기초연금,2021-01,제주특별자치도      ,64694,52075
기초연금,2021-02,서울특별시          ,848029,669981
기초연금,2021-02,부산광역시          ,467293,366748
기초연금,2021-02,대구광역시          ,277596,218180
기초연금,2021-02,인천광역시          ,298023,236563
기초연금,2021-02,광주광역시          ,137276,108661
기초연금,2021-02,대전광역시          ,138575,109517
기초연금,2021-02,울산광역시          ,93323,74472
기초연금,2021-02,세종특별자치시      ,20469,16328
기초연금,2021-02,경기도              ,1105579,879044
기초연금,2021-02,강원도              ,223135,176848
기초연금,2021-02,충청북도            ,207501,162933
기초연금,2021-02,충청남도            ,296449,230268
기초연금,2021-02,전라북도            ,292670,229259
기초연금,2021-02,전라남도            ,353054,276999
기초연금,2021-02,경상북도            ,437982,341877
기초연금,2021-02,경상남도            ,426060,339410
기초연금,2021-02,제주특별자치도      ,65032,52341
기초연금,2021-03,서울특별시          ,855703,675510
기초연금,2021-03,부산광역시          ,472507,370455
기초연금,2021-03,대구광역시          ,280417,220184
기초연금,2021-03,인천광역시          ,301574,239168
기초연금,2021-03,광주광역시          ,138797,109782
기초연금,2021-03,대전광역시          ,140075,110590
기초연금,2021-03,울산광역시          ,94906,75618
기초연금,2021-03,세종특별자치시      ,20679,16488
기초연금,2021-03,경기도              ,1121245,890581
기초연금,2021-03,강원도              ,226106,179075
기초연금,2021-03,충청북도            ,210180,164848
기초연금,2021-03,충청남도            ,300576,233151
기초연금,2021-03,전라북도            ,295284,231147
기초연금,2021-03,전라남도            ,355761,278933
기초연금,2021-03,경상북도            ,442853,345336
기초연금,2021-03,경상남도            ,431709,343475
기초연금,2021-03,제주특별자치도      ,66074,53078
기초연금,2021-04,서울특별시          ,860302,678828
기초연금,2021-04,부산광역시          ,475675,372713
기초연금,2021-04,대구광역시          ,282388,221616
기초연금,2021-04,인천광역시          ,304089,241059
기초연금,2021-04,광주광역시          ,139265,110142
기초연금,2021-04,대전광역시          ,140982,111256
기초연금,2021-04,울산광역시          ,95853,76321
기초연금,2021-04,세종특별자치시      ,20874,16635
기초연금,2021-04,경기도              ,1130730,897553
기초연금,2021-04,강원도              ,227265,179939
기초연금,2021-04,충청북도            ,211233,165662
기초연금,2021-04,충청남도            ,301879,234128
기초연금,2021-04,전라북도            ,296338,231975
기초연금,2021-04,전라남도            ,356620,279518
기초연금,2021-04,경상북도            ,445072,346941
기초연금,2021-04,경상남도            ,434279,345350
기초연금,2021-04,제주특별자치도      ,66678,53544
기초연금,2021-05,서울특별시          ,862280,680192
기초연금,2021-05,부산광역시          ,477400,373865
기초연금,2021-05,대구광역시          ,283191,222165
기초연금,2021-05,인천광역시          ,305405,242062
기초연금,2021-05,광주광역시          ,139586,110380
기초연금,2021-05,대전광역시          ,141515,111658
기초연금,2021-05,울산광역시          ,96402,76709
기초연금,2021-05,세종특별자치시      ,20956,16701
기초연금,2021-05,경기도              ,1137053,902288
기초연금,2021-05,강원도              ,227839,180344
기초연금,2021-05,충청북도            ,211951,166171
기초연금,2021-05,충청남도            ,303184,235083
기초연금,2021-05,전라북도            ,296689,232244
기초연금,2021-05,전라남도            ,356779,279699
기초연금,2021-05,경상북도            ,446335,347819
기초연금,2021-05,경상남도            ,435938,346539
기초연금,2021-05,제주특별자치도      ,66864,53674
기초연금,2021-06,서울특별시          ,864534,681835
기초연금,2021-06,부산광역시          ,479168,375141
기초연금,2021-06,대구광역시          ,284196,222970
기초연금,2021-06,인천광역시          ,306988,243255
기초연금,2021-06,광주광역시          ,139998,110687
기초연금,2021-06,대전광역시          ,142030,112071
기초연금,2021-06,울산광역시          ,97056,77170
기초연금,2021-06,세종특별자치시      ,20958,16681
기초연금,2021-06,경기도              ,1143740,907379
기초연금,2021-06,강원도              ,228690,181002
기초연금,2021-06,충청북도            ,212672,166747
기초연금,2021-06,충청남도            ,304085,235789
기초연금,2021-06,전라북도            ,297335,232752
기초연금,2021-06,전라남도            ,357367,280169
기초연금,2021-06,경상북도            ,447949,349078
기초연금,2021-06,경상남도            ,437971,348078
기초연금,2021-06,제주특별자치도      ,67194,53954
기초연금,2021-07,서울특별시          ,867323,683938
기초연금,2021-07,부산광역시          ,480556,376120
기초연금,2021-07,대구광역시          ,284933,223497
기초연금,2021-07,인천광역시          ,308465,244379
기초연금,2021-07,광주광역시          ,140404,110963
기초연금,2021-07,대전광역시          ,142526,112468
기초연금,2021-07,울산광역시          ,97570,77549
기초연금,2021-07,세종특별자치시      ,21065,16758
기초연금,2021-07,경기도              ,1149455,911767
기초연금,2021-07,강원도              ,229215,181422
기초연금,2021-07,충청북도            ,213430,167339
기초연금,2021-07,충청남도            ,304820,236330
기초연금,2021-07,전라북도            ,297850,233162
기초연금,2021-07,전라남도            ,357524,280302
기초연금,2021-07,경상북도            ,448919,349796
기초연금,2021-07,경상남도            ,439653,349336
기초연금,2021-07,제주특별자치도      ,67383,54096
기초연금,2021-08,서울특별시          ,870170,686046
기초연금,2021-08,부산광역시          ,482567,377571
기초연금,2021-08,대구광역시          ,286006,224311
기초연금,2021-08,인천광역시          ,310069,245575
기초연금,2021-08,광주광역시          ,140785,111232
기초연금,2021-08,대전광역시          ,143091,112886
기초연금,2021-08,울산광역시          ,98206,78015
기초연금,2021-08,세종특별자치시      ,21152,16825
기초연금,2021-08,경기도              ,1155271,916253
기초연금,2021-08,강원도              ,229962,181944
기초연금,2021-08,충청북도            ,214036,167778
기초연금,2021-08,충청남도            ,305766,237057
기초연금,2021-08,전라북도            ,298594,233749
기초연금,2021-08,전라남도            ,358016,280655
기초연금,2021-08,경상북도            ,450157,350695
기초연금,2021-08,경상남도            ,441427,350674
기초연금,2021-08,제주특별자치도      ,67610,54289
기초연금,2021-09,서울특별시          ,872548,687844
기초연금,2021-09,부산광역시          ,484107,378648
기초연금,2021-09,대구광역시          ,286707,224829
기초연금,2021-09,인천광역시          ,311829,246949
기초연금,2021-09,광주광역시          ,141264,111597
기초연금,2021-09,대전광역시          ,143652,113305
기초연금,2021-09,울산광역시          ,98675,78348
기초연금,2021-09,세종특별자치시      ,21258,16914
기초연금,2021-09,경기도              ,1160872,920539
기초연금,2021-09,강원도              ,230728,182523
기초연금,2021-09,충청북도            ,214646,168236
기초연금,2021-09,충청남도            ,306733,237758
기초연금,2021-09,전라북도            ,299161,234202
기초연금,2021-09,전라남도            ,358148,280753
기초연금,2021-09,경상북도            ,451299,351505
기초연금,2021-09,경상남도            ,443006,351809
기초연금,2021-09,제주특별자치도      ,67739,54403
기초연금,2021-10,서울특별시          ,874428,689239
기초연금,2021-10,부산광역시          ,485505,379547
기초연금,2021-10,대구광역시          ,287217,225218
기초연금,2021-10,인천광역시          ,313152,247955
기초연금,2021-10,광주광역시          ,141464,111708
기초연금,2021-10,대전광역시          ,144104,113622
기초연금,2021-10,울산광역시          ,98942,78530
기초연금,2021-10,세종특별자치시      ,21312,16948
기초연금,2021-10,경기도              ,1165226,923935
기초연금,2021-10,강원도              ,231075,182789
기초연금,2021-10,충청북도            ,215112,168585
기초연금,2021-10,충청남도            ,307244,238209
기초연금,2021-10,전라북도            ,299563,234508
기초연금,2021-10,전라남도            ,358308,280875
기초연금,2021-10,경상북도            ,452064,352103
기초연금,2021-10,경상남도            ,443797,352376
기초연금,2021-10,제주특별자치도      ,67921,54539
기초연금,2021-11,서울특별시          ,876865,690953
기초연금,2021-11,부산광역시          ,487532,381006
기초연금,2021-11,대구광역시          ,287964,225769
기초연금,2021-11,인천광역시          ,314668,249110
기초연금,2021-11,광주광역시          ,141979,112099
기초연금,2021-11,대전광역시          ,144571,113972
기초연금,2021-11,울산광역시          ,99655,79065
기초연금,2021-11,세종특별자치시      ,21405,17017
기초연금,2021-11,경기도              ,1170980,928292
기초연금,2021-11,강원도              ,231931,183426
기초연금,2021-11,충청북도            ,215884,169168
기초연금,2021-11,충청남도            ,308119,238824
기초연금,2021-11,전라북도            ,300313,235103
기초연금,2021-11,전라남도            ,358880,281295
기초연금,2021-11,경상북도            ,453532,353140
기초연금,2021-11,경상남도            ,445684,353726
기초연금,2021-11,제주특별자치도      ,68064,54676
기초연금,2021-12,서울특별시          ,878497,692214
기초연금,2021-12,부산광역시          ,489007,382127
기초연금,2021-12,대구광역시          ,289176,226663
기초연금,2021-12,인천광역시          ,315840,250055
기초연금,2021-12,광주광역시          ,142483,112472
기초연금,2021-12,대전광역시          ,145116,114346
기초연금,2021-12,울산광역시          ,100246,79502
기초연금,2021-12,세종특별자치시      ,21502,17091
기초연금,2021-12,경기도              ,1175346,931534
기초연금,2021-12,강원도              ,232649,183978
기초연금,2021-12,충청북도            ,216497,169576
기초연금,2021-12,충청남도            ,308463,239059
기초연금,2021-12,전라북도            ,300679,235443
기초연금,2021-12,전라남도            ,359094,281460
기초연금,2021-12,경상북도            ,454136,353578
기초연금,2021-12,경상남도            ,447108,354814
기초연금,2021-12,제주특별자치도      ,68438,54957
장애인연금,2021-01,서울특별시          ,54151,53263
장애인연금,2021-01,부산광역시          ,27004,26703
장애인연금,2021-01,대구광역시          ,18535,18277
장애인연금,2021-01,인천광역시          ,19424,19150
장애인연금,2021-01,광주광역시          ,11104,10916
장애인연금,2021-01,대전광역시          ,11079,10897
장애인연금,2021-01,울산광역시          ,6608,6521
장애인연금,2021-01,세종특별자치시      ,1539,1517
장애인연금,2021-01,경기도              ,73725,72756
장애인연금,2021-01,강원도              ,14675,14352
장애인연금,2021-01,충청북도            ,15005,14716
장애인연금,2021-01,충청남도            ,19380,18982
장애인연금,2021-01,전라북도            ,20534,20087
장애인연금,2021-01,전라남도            ,22082,21458
장애인연금,2021-01,경상북도            ,27276,26742
장애인연금,2021-01,경상남도            ,27854,27360
장애인연금,2021-01,제주특별자치도      ,5323,5250
장애인연금,2021-02,서울특별시          ,54069,53181
장애인연금,2021-02,부산광역시          ,26933,26630
장애인연금,2021-02,대구광역시          ,18529,18272
장애인연금,2021-02,인천광역시          ,19406,19131
장애인연금,2021-02,광주광역시          ,11094,10908
장애인연금,2021-02,대전광역시          ,11061,10881
장애인연금,2021-02,울산광역시          ,6611,6524
장애인연금,2021-02,세종특별자치시      ,1530,1508
장애인연금,2021-02,경기도              ,73757,72786
장애인연금,2021-02,강원도              ,14663,14341
장애인연금,2021-02,충청북도            ,14983,14694
장애인연금,2021-02,충청남도            ,19387,18990
장애인연금,2021-02,전라북도            ,20538,20092
장애인연금,2021-02,전라남도            ,22041,21417
장애인연금,2021-02,경상북도            ,27254,26719
장애인연금,2021-02,경상남도            ,27785,27293
장애인연금,2021-02,제주특별자치도      ,5313,5240
장애인연금,2021-03,서울특별시          ,54001,53115
장애인연금,2021-03,부산광역시          ,26887,26585
장애인연금,2021-03,대구광역시          ,18574,18316
장애인연금,2021-03,인천광역시          ,19350,19078
장애인연금,2021-03,광주광역시          ,11075,10893
장애인연금,2021-03,대전광역시          ,11034,10857
장애인연금,2021-03,울산광역시          ,6612,6526
장애인연금,2021-03,세종특별자치시      ,1543,1522
장애인연금,2021-03,경기도              ,73923,72952
장애인연금,2021-03,강원도              ,14644,14324
장애인연금,2021-03,충청북도            ,15012,14720
장애인연금,2021-03,충청남도            ,19419,19023
장애인연금,2021-03,전라북도            ,20524,20080
장애인연금,2021-03,전라남도            ,22009,21386
장애인연금,2021-03,경상북도            ,27189,26659
장애인연금,2021-03,경상남도            ,27806,27310
장애인연금,2021-03,제주특별자치도      ,5325,5253
장애인연금,2021-04,서울특별시          ,53925,53038
장애인연금,2021-04,부산광역시          ,26892,26592
장애인연금,2021-04,대구광역시          ,18539,18280
장애인연금,2021-04,인천광역시          ,19379,19107
장애인연금,2021-04,광주광역시          ,11081,10900
장애인연금,2021-04,대전광역시          ,11013,10836
장애인연금,2021-04,울산광역시          ,6595,6507
장애인연금,2021-04,세종특별자치시      ,1546,1525
장애인연금,2021-04,경기도              ,73874,72900
장애인연금,2021-04,강원도              ,14588,14272
장애인연금,2021-04,충청북도            ,14997,14703
장애인연금,2021-04,충청남도            ,19399,19004
장애인연금,2021-04,전라북도            ,20492,20050
장애인연금,2021-04,전라남도            ,21985,21365
장애인연금,2021-04,경상북도            ,27130,26606
장애인연금,2021-04,경상남도            ,27756,27262
장애인연금,2021-04,제주특별자치도      ,5326,5254
장애인연금,2021-05,서울특별시          ,53775,52893
장애인연금,2021-05,부산광역시          ,26861,26561
장애인연금,2021-05,대구광역시          ,18523,18264
장애인연금,2021-05,인천광역시          ,19323,19054
장애인연금,2021-05,광주광역시          ,11086,10904
장애인연금,2021-05,대전광역시          ,11007,10830
장애인연금,2021-05,울산광역시          ,6583,6495
장애인연금,2021-05,세종특별자치시      ,1545,1524
장애인연금,2021-05,경기도              ,73721,72751
장애인연금,2021-05,강원도              ,14577,14262
장애인연금,2021-05,충청북도            ,14953,14661
장애인연금,2021-05,충청남도            ,19366,18972
장애인연금,2021-05,전라북도            ,20436,19995
장애인연금,2021-05,전라남도            ,21948,21331
장애인연금,2021-05,경상북도            ,27114,26588
장애인연금,2021-05,경상남도            ,27712,27218
장애인연금,2021-05,제주특별자치도      ,5314,5242
장애인연금,2021-06,서울특별시          ,53633,52765
장애인연금,2021-06,부산광역시          ,26801,26500
장애인연금,2021-06,대구광역시          ,18536,18277
장애인연금,2021-06,인천광역시          ,19268,19002
장애인연금,2021-06,광주광역시          ,11075,10896
장애인연금,2021-06,대전광역시          ,10985,10812
장애인연금,2021-06,울산광역시          ,6597,6510
장애인연금,2021-06,세종특별자치시      ,1539,1518
장애인연금,2021-06,경기도              ,73694,72730
장애인연금,2021-06,강원도              ,14532,14217
장애인연금,2021-06,충청북도            ,14942,14653
장애인연금,2021-06,충청남도            ,19354,18959
장애인연금,2021-06,전라북도            ,20400,19959
장애인연금,2021-06,전라남도            ,21944,21329
장애인연금,2021-06,경상북도            ,27092,26564
장애인연금,2021-06,경상남도            ,27700,27211
장애인연금,2021-06,제주특별자치도      ,5301,5229
장애인연금,2021-07,서울특별시          ,53587,52724
장애인연금,2021-07,부산광역시          ,26764,26464
장애인연금,2021-07,대구광역시          ,18508,18251
장애인연금,2021-07,인천광역시          ,19278,19013
장애인연금,2021-07,광주광역시          ,11066,10886
장애인연금,2021-07,대전광역시          ,10988,10815
장애인연금,2021-07,울산광역시          ,6601,6515
장애인연금,2021-07,세종특별자치시      ,1542,1520
장애인연금,2021-07,경기도              ,73628,72672
장애인연금,2021-07,강원도              ,14491,14177
장애인연금,2021-07,충청북도            ,14917,14630
장애인연금,2021-07,충청남도            ,19304,18913
장애인연금,2021-07,전라북도            ,20388,19951
장애인연금,2021-07,전라남도            ,21906,21291
장애인연금,2021-07,경상북도            ,27084,26557
장애인연금,2021-07,경상남도            ,27645,27161
장애인연금,2021-07,제주특별자치도      ,5299,5227
장애인연금,2021-08,서울특별시          ,53605,52741
장애인연금,2021-08,부산광역시          ,26749,26447
장애인연금,2021-08,대구광역시          ,18500,18244
장애인연금,2021-08,인천광역시          ,19299,19037
장애인연금,2021-08,광주광역시          ,11087,10905
장애인연금,2021-08,대전광역시          ,11001,10831
장애인연금,2021-08,울산광역시          ,6611,6527
장애인연금,2021-08,세종특별자치시      ,1547,1525
장애인연금,2021-08,경기도              ,73740,72784
장애인연금,2021-08,강원도              ,14468,14158
장애인연금,2021-08,충청북도            ,14901,14615
장애인연금,2021-08,충청남도            ,19313,18921
장애인연금,2021-08,전라북도            ,20365,19928
장애인연금,2021-08,전라남도            ,21874,21259
장애인연금,2021-08,경상북도            ,27098,26571
장애인연금,2021-08,경상남도            ,27649,27166
장애인연금,2021-08,제주특별자치도      ,5286,5214
장애인연금,2021-09,서울특별시          ,53510,52649
장애인연금,2021-09,부산광역시          ,26769,26464
장애인연금,2021-09,대구광역시          ,18469,18215
장애인연금,2021-09,인천광역시          ,19296,19034
장애인연금,2021-09,광주광역시          ,11085,10903
장애인연금,2021-09,대전광역시          ,11005,10837
장애인연금,2021-09,울산광역시          ,6581,6498
장애인연금,2021-09,세종특별자치시      ,1544,1523
장애인연금,2021-09,경기도              ,73674,72723
장애인연금,2021-09,강원도              ,14461,14152
장애인연금,2021-09,충청북도            ,14879,14593
장애인연금,2021-09,충청남도            ,19307,18913
장애인연금,2021-09,전라북도            ,20335,19899
장애인연금,2021-09,전라남도            ,21826,21212
장애인연금,2021-09,경상북도            ,27056,26528
장애인연금,2021-09,경상남도            ,27639,27156
장애인연금,2021-09,제주특별자치도      ,5271,5199
장애인연금,2021-10,서울특별시          ,53399,52536
장애인연금,2021-10,부산광역시          ,26742,26442
장애인연금,2021-10,대구광역시          ,18439,18187
장애인연금,2021-10,인천광역시          ,19253,18991
장애인연금,2021-10,광주광역시          ,11061,10880
장애인연금,2021-10,대전광역시          ,11007,10837
장애인연금,2021-10,울산광역시          ,6565,6483
장애인연금,2021-10,세종특별자치시      ,1537,1517
장애인연금,2021-10,경기도              ,73581,72622
장애인연금,2021-10,강원도              ,14405,14093
장애인연금,2021-10,충청북도            ,14888,14605
장애인연금,2021-10,충청남도            ,19313,18920
장애인연금,2021-10,전라북도            ,20304,19869
장애인연금,2021-10,전라남도            ,21768,21158
장애인연금,2021-10,경상북도            ,26988,26461
장애인연금,2021-10,경상남도            ,27593,27110
장애인연금,2021-10,제주특별자치도      ,5273,5202
장애인연금,2021-11,서울특별시          ,53365,52506
장애인연금,2021-11,부산광역시          ,26728,26431
장애인연금,2021-11,대구광역시          ,18411,18160
장애인연금,2021-11,인천광역시          ,19217,18958
장애인연금,2021-11,광주광역시          ,11054,10874
장애인연금,2021-11,대전광역시          ,10994,10822
장애인연금,2021-11,울산광역시          ,6572,6489
장애인연금,2021-11,세종특별자치시      ,1529,1509
장애인연금,2021-11,경기도              ,73518,72562
장애인연금,2021-11,강원도              ,14364,14054
장애인연금,2021-11,충청북도            ,14899,14616
장애인연금,2021-11,충청남도            ,19296,18904
장애인연금,2021-11,전라북도            ,20280,19845
장애인연금,2021-11,전라남도            ,21740,21135
장애인연금,2021-11,경상북도            ,26948,26426
장애인연금,2021-11,경상남도            ,27588,27111
장애인연금,2021-11,제주특별자치도      ,5244,5175
장애인연금,2021-12,서울특별시          ,53232,52374
장애인연금,2021-12,부산광역시          ,26702,26407
장애인연금,2021-12,대구광역시          ,18421,18170
장애인연금,2021-12,인천광역시          ,19230,18974
장애인연금,2021-12,광주광역시          ,11063,10887
장애인연금,2021-12,대전광역시          ,10973,10806
장애인연금,2021-12,울산광역시          ,6582,6500
장애인연금,2021-12,세종특별자치시      ,1521,1501
장애인연금,2021-12,경기도              ,73456,72504
장애인연금,2021-12,강원도              ,14358,14050
장애인연금,2021-12,충청북도            ,14898,14616
장애인연금,2021-12,충청남도            ,19249,18856
장애인연금,2021-12,전라북도            ,20291,19855
장애인연금,2021-12,전라남도            ,21728,21127
장애인연금,2021-12,경상북도            ,26913,26392
장애인연금,2021-12,경상남도            ,27548,27068
장애인연금,2021-12,제주특별자치도      ,5248,5179
