"사업명","기준년월","시도","수급권자수","수급가구수"
기초생활보장(맞춤형급여) - 중복제거,"2024-01",서울특별시,429251,324252
기초생활보장(맞춤형급여) - 중복제거,"2024-01",부산광역시,234976,176597
기초생활보장(맞춤형급여) - 중복제거,"2024-01",대구광역시,155045,113998
기초생활보장(맞춤형급여) - 중복제거,"2024-01",인천광역시,174614,123654
기초생활보장(맞춤형급여) - 중복제거,"2024-01",광주광역시,96461,65904
기초생활보장(맞춤형급여) - 중복제거,"2024-01",대전광역시,77638,56069
기초생활보장(맞춤형급여) - 중복제거,"2024-01",울산광역시,43927,32491
기초생활보장(맞춤형급여) - 중복제거,"2024-01",세종특별자치시,8604,5893
기초생활보장(맞춤형급여) - 중복제거,"2024-01",경기도,475350,347957
기초생활보장(맞춤형급여) - 중복제거,"2024-01",충청북도,81606,61206
기초생활보장(맞춤형급여) - 중복제거,"2024-01",충청남도,93182,70417
기초생활보장(맞춤형급여) - 중복제거,"2024-01",전라남도,107424,81049
기초생활보장(맞춤형급여) - 중복제거,"2024-01",경상북도,151367,115292
기초생활보장(맞춤형급여) - 중복제거,"2024-01",경상남도,176454,130467
기초생활보장(맞춤형급여) - 중복제거,"2024-01",제주특별자치도,35052,24291
기초생활보장(맞춤형급여) - 중복제거,"2024-01",강원특별자치도,86784,66209
기초생활보장(맞춤형급여) - 중복제거,"2024-01",전북특별자치도,131687,94116
기초생활보장(맞춤형급여) - 중복제거,"2024-02",서울특별시,431305,326012
기초생활보장(맞춤형급여) - 중복제거,"2024-02",부산광역시,235884,177364
기초생활보장(맞춤형급여) - 중복제거,"2024-02",대구광역시,155870,114588
기초생활보장(맞춤형급여) - 중복제거,"2024-02",인천광역시,175235,124205
기초생활보장(맞춤형급여) - 중복제거,"2024-02",광주광역시,96842,66166
기초생활보장(맞춤형급여) - 중복제거,"2024-02",대전광역시,77849,56250
기초생활보장(맞춤형급여) - 중복제거,"2024-02",울산광역시,44252,32704
기초생활보장(맞춤형급여) - 중복제거,"2024-02",세종특별자치시,8642,5915
기초생활보장(맞춤형급여) - 중복제거,"2024-02",경기도,478193,350127
기초생활보장(맞춤형급여) - 중복제거,"2024-02",충청북도,82065,61552
기초생활보장(맞춤형급여) - 중복제거,"2024-02",충청남도,93788,70828
기초생활보장(맞춤형급여) - 중복제거,"2024-02",전라남도,107679,81259
기초생활보장(맞춤형급여) - 중복제거,"2024-02",경상북도,152135,115901
기초생활보장(맞춤형급여) - 중복제거,"2024-02",경상남도,177379,131177
기초생활보장(맞춤형급여) - 중복제거,"2024-02",제주특별자치도,35269,24449
기초생활보장(맞춤형급여) - 중복제거,"2024-02",강원특별자치도,87137,66497
기초생활보장(맞춤형급여) - 중복제거,"2024-02",전북특별자치도,132238,94573
기초생활보장(맞춤형급여) - 중복제거,"2024-03",서울특별시,432058,326958
기초생활보장(맞춤형급여) - 중복제거,"2024-03",부산광역시,236789,178159
기초생활보장(맞춤형급여) - 중복제거,"2024-03",대구광역시,156446,115103
기초생활보장(맞춤형급여) - 중복제거,"2024-03",인천광역시,175886,124790
기초생활보장(맞춤형급여) - 중복제거,"2024-03",광주광역시,96970,66336
기초생활보장(맞춤형급여) - 중복제거,"2024-03",대전광역시,77939,56412
기초생활보장(맞춤형급여) - 중복제거,"2024-03",울산광역시,44549,32923
기초생활보장(맞춤형급여) - 중복제거,"2024-03",세종특별자치시,8684,5946
기초생활보장(맞춤형급여) - 중복제거,"2024-03",경기도,480165,351978
기초생활보장(맞춤형급여) - 중복제거,"2024-03",충청북도,82452,61901
기초생활보장(맞춤형급여) - 중복제거,"2024-03",충청남도,94005,71058
기초생활보장(맞춤형급여) - 중복제거,"2024-03",전라남도,108014,81586
기초생활보장(맞춤형급여) - 중복제거,"2024-03",경상북도,152652,116405
기초생활보장(맞춤형급여) - 중복제거,"2024-03",경상남도,177968,131829
기초생활보장(맞춤형급여) - 중복제거,"2024-03",제주특별자치도,35413,24570
기초생활보장(맞춤형급여) - 중복제거,"2024-03",강원특별자치도,87451,66758
기초생활보장(맞춤형급여) - 중복제거,"2024-03",전북특별자치도,132392,94825
기초생활보장(맞춤형급여) - 중복제거,"2024-04",서울특별시,434239,328812
기초생활보장(맞춤형급여) - 중복제거,"2024-04",부산광역시,238317,179284
기초생활보장(맞춤형급여) - 중복제거,"2024-04",대구광역시,157625,115908
기초생활보장(맞춤형급여) - 중복제거,"2024-04",인천광역시,177421,125853
기초생활보장(맞춤형급여) - 중복제거,"2024-04",광주광역시,97963,66943
기초생활보장(맞춤형급여) - 중복제거,"2024-04",대전광역시,78345,56762
기초생활보장(맞춤형급여) - 중복제거,"2024-04",울산광역시,44888,33152
기초생활보장(맞춤형급여) - 중복제거,"2024-04",세종특별자치시,8739,5989
기초생활보장(맞춤형급여) - 중복제거,"2024-04",경기도,484252,354941
기초생활보장(맞춤형급여) - 중복제거,"2024-04",충청북도,83090,62329
기초생활보장(맞춤형급여) - 중복제거,"2024-04",충청남도,94600,71502
기초생활보장(맞춤형급여) - 중복제거,"2024-04",전라남도,108705,82088
기초생활보장(맞춤형급여) - 중복제거,"2024-04",경상북도,154001,117370
기초생활보장(맞춤형급여) - 중복제거,"2024-04",경상남도,179409,132756
기초생활보장(맞춤형급여) - 중복제거,"2024-04",제주특별자치도,35727,24751
기초생활보장(맞춤형급여) - 중복제거,"2024-04",강원특별자치도,87793,66989
기초생활보장(맞춤형급여) - 중복제거,"2024-04",전북특별자치도,133031,95321
기초생활보장(맞춤형급여) - 중복제거,"2024-05",서울특별시,436915,330904
기초생활보장(맞춤형급여) - 중복제거,"2024-05",부산광역시,239848,180384
기초생활보장(맞춤형급여) - 중복제거,"2024-05",대구광역시,158743,116677
기초생활보장(맞춤형급여) - 중복제거,"2024-05",인천광역시,178869,126865
기초생활보장(맞춤형급여) - 중복제거,"2024-05",광주광역시,98494,67344
기초생활보장(맞춤형급여) - 중복제거,"2024-05",대전광역시,78810,57112
기초생활보장(맞춤형급여) - 중복제거,"2024-05",울산광역시,45256,33397
기초생활보장(맞춤형급여) - 중복제거,"2024-05",세종특별자치시,8928,6096
기초생활보장(맞춤형급여) - 중복제거,"2024-05",경기도,489303,358443
기초생활보장(맞춤형급여) - 중복제거,"2024-05",충청북도,83789,62822
기초생활보장(맞춤형급여) - 중복제거,"2024-05",충청남도,95590,72133
기초생활보장(맞춤형급여) - 중복제거,"2024-05",전라남도,109447,82566
기초생활보장(맞춤형급여) - 중복제거,"2024-05",경상북도,155184,118144
기초생활보장(맞춤형급여) - 중복제거,"2024-05",경상남도,180849,133742
기초생활보장(맞춤형급여) - 중복제거,"2024-05",제주특별자치도,36143,25004
기초생활보장(맞춤형급여) - 중복제거,"2024-05",강원특별자치도,88660,67440
기초생활보장(맞춤형급여) - 중복제거,"2024-05",전북특별자치도,133768,95768
기초생활보장(맞춤형급여) - 중복제거,"2024-06",서울특별시,438605,332327
기초생활보장(맞춤형급여) - 중복제거,"2024-06",부산광역시,240636,180969
기초생활보장(맞춤형급여) - 중복제거,"2024-06",대구광역시,159403,117124
기초생활보장(맞춤형급여) - 중복제거,"2024-06",인천광역시,180087,127758
기초생활보장(맞춤형급여) - 중복제거,"2024-06",광주광역시,98813,67571
기초생활보장(맞춤형급여) - 중복제거,"2024-06",대전광역시,79207,57427
기초생활보장(맞춤형급여) - 중복제거,"2024-06",울산광역시,45454,33548
기초생활보장(맞춤형급여) - 중복제거,"2024-06",세종특별자치시,9006,6148
기초생활보장(맞춤형급여) - 중복제거,"2024-06",경기도,493014,361090
기초생활보장(맞춤형급여) - 중복제거,"2024-06",충청북도,83936,62966
기초생활보장(맞춤형급여) - 중복제거,"2024-06",충청남도,96012,72436
기초생활보장(맞춤형급여) - 중복제거,"2024-06",전라남도,109967,82936
기초생활보장(맞춤형급여) - 중복제거,"2024-06",경상북도,155818,118592
기초생활보장(맞춤형급여) - 중복제거,"2024-06",경상남도,181768,134421
기초생활보장(맞춤형급여) - 중복제거,"2024-06",제주특별자치도,36337,25154
기초생활보장(맞춤형급여) - 중복제거,"2024-06",강원특별자치도,88676,67595
기초생활보장(맞춤형급여) - 중복제거,"2024-06",전북특별자치도,134438,96220
기초생활보장(맞춤형급여) - 중복제거,"2024-07",서울특별시,438972,333108
기초생활보장(맞춤형급여) - 중복제거,"2024-07",부산광역시,240845,181375
기초생활보장(맞춤형급여) - 중복제거,"2024-07",대구광역시,159748,117464
기초생활보장(맞춤형급여) - 중복제거,"2024-07",인천광역시,180583,128304
기초생활보장(맞춤형급여) - 중복제거,"2024-07",광주광역시,98693,67666
기초생활보장(맞춤형급여) - 중복제거,"2024-07",대전광역시,79305,57612
기초생활보장(맞춤형급여) - 중복제거,"2024-07",울산광역시,45507,33649
기초생활보장(맞춤형급여) - 중복제거,"2024-07",세종특별자치시,8993,6144
기초생활보장(맞춤형급여) - 중복제거,"2024-07",경기도,494834,362940
기초생활보장(맞춤형급여) - 중복제거,"2024-07",충청북도,84041,63092
기초생활보장(맞춤형급여) - 중복제거,"2024-07",충청남도,96097,72580
기초생활보장(맞춤형급여) - 중복제거,"2024-07",전라남도,110014,83081
기초생활보장(맞춤형급여) - 중복제거,"2024-07",경상북도,155967,118854
기초생활보장(맞춤형급여) - 중복제거,"2024-07",경상남도,182232,134968
기초생활보장(맞춤형급여) - 중복제거,"2024-07",제주특별자치도,36378,25239
기초생활보장(맞춤형급여) - 중복제거,"2024-07",강원특별자치도,88629,67593
기초생활보장(맞춤형급여) - 중복제거,"2024-07",전북특별자치도,134404,96343
기초생활보장(맞춤형급여) - 중복제거,"2024-08",서울특별시,439882,334024
기초생활보장(맞춤형급여) - 중복제거,"2024-08",부산광역시,241420,181907
기초생활보장(맞춤형급여) - 중복제거,"2024-08",대구광역시,160319,117920
기초생활보장(맞춤형급여) - 중복제거,"2024-08",인천광역시,181470,129047
기초생활보장(맞춤형급여) - 중복제거,"2024-08",광주광역시,99030,67934
기초생활보장(맞춤형급여) - 중복제거,"2024-08",대전광역시,79663,57929
기초생활보장(맞춤형급여) - 중복제거,"2024-08",울산광역시,45640,33797
기초생활보장(맞춤형급여) - 중복제거,"2024-08",세종특별자치시,9080,6176
기초생활보장(맞춤형급여) - 중복제거,"2024-08",경기도,497787,365286
기초생활보장(맞춤형급여) - 중복제거,"2024-08",충청북도,84294,63312
기초생활보장(맞춤형급여) - 중복제거,"2024-08",충청남도,96565,72979
기초생활보장(맞춤형급여) - 중복제거,"2024-08",전라남도,110375,83352
기초생활보장(맞춤형급여) - 중복제거,"2024-08",경상북도,156429,119275
기초생활보장(맞춤형급여) - 중복제거,"2024-08",경상남도,182825,135457
기초생활보장(맞춤형급여) - 중복제거,"2024-08",제주특별자치도,36585,25398
기초생활보장(맞춤형급여) - 중복제거,"2024-08",강원특별자치도,88799,67733
기초생활보장(맞춤형급여) - 중복제거,"2024-08",전북특별자치도,134554,96522
기초생활보장(맞춤형급여) - 중복제거,"2024-09",서울특별시,440800,334965
기초생활보장(맞춤형급여) - 중복제거,"2024-09",부산광역시,241928,182384
기초생활보장(맞춤형급여) - 중복제거,"2024-09",대구광역시,160635,118238
기초생활보장(맞춤형급여) - 중복제거,"2024-09",인천광역시,182093,129570
기초생활보장(맞춤형급여) - 중복제거,"2024-09",광주광역시,99359,68203
기초생활보장(맞춤형급여) - 중복제거,"2024-09",대전광역시,80016,58164
기초생활보장(맞춤형급여) - 중복제거,"2024-09",울산광역시,45754,33912
기초생활보장(맞춤형급여) - 중복제거,"2024-09",세종특별자치시,9091,6192
기초생활보장(맞춤형급여) - 중복제거,"2024-09",경기도,499952,367103
기초생활보장(맞춤형급여) - 중복제거,"2024-09",충청북도,84553,63518
기초생활보장(맞춤형급여) - 중복제거,"2024-09",충청남도,96933,73256
기초생활보장(맞춤형급여) - 중복제거,"2024-09",전라남도,110722,83603
기초생활보장(맞춤형급여) - 중복제거,"2024-09",경상북도,156731,119556
기초생활보장(맞춤형급여) - 중복제거,"2024-09",경상남도,183517,136010
기초생활보장(맞춤형급여) - 중복제거,"2024-09",제주특별자치도,36711,25499
기초생활보장(맞춤형급여) - 중복제거,"2024-09",강원특별자치도,88955,67917
기초생활보장(맞춤형급여) - 중복제거,"2024-09",전북특별자치도,134776,96727
기초생활보장(맞춤형급여) - 중복제거,"2024-10",서울특별시,441261,335731
기초생활보장(맞춤형급여) - 중복제거,"2024-10",부산광역시,242013,182706
기초생활보장(맞춤형급여) - 중복제거,"2024-10",대구광역시,160717,118416
기초생활보장(맞춤형급여) - 중복제거,"2024-10",인천광역시,182781,130234
기초생활보장(맞춤형급여) - 중복제거,"2024-10",광주광역시,99624,68473
기초생활보장(맞춤형급여) - 중복제거,"2024-10",대전광역시,80195,58351
기초생활보장(맞춤형급여) - 중복제거,"2024-10",울산광역시,45866,33978
기초생활보장(맞춤형급여) - 중복제거,"2024-10",세종특별자치시,9165,6223
기초생활보장(맞춤형급여) - 중복제거,"2024-10",경기도,501988,368808
기초생활보장(맞춤형급여) - 중복제거,"2024-10",충청북도,84678,63620
기초생활보장(맞춤형급여) - 중복제거,"2024-10",충청남도,97200,73459
기초생활보장(맞춤형급여) - 중복제거,"2024-10",전라남도,110655,83595
기초생활보장(맞춤형급여) - 중복제거,"2024-10",경상북도,156782,119677
기초생활보장(맞춤형급여) - 중복제거,"2024-10",경상남도,183606,136270
기초생활보장(맞춤형급여) - 중복제거,"2024-10",제주특별자치도,36905,25647
기초생활보장(맞춤형급여) - 중복제거,"2024-10",강원특별자치도,88775,67874
기초생활보장(맞춤형급여) - 중복제거,"2024-10",전북특별자치도,135015,96946
기초생활보장(맞춤형급여) - 중복제거,"2024-11",서울특별시,442727,337064
기초생활보장(맞춤형급여) - 중복제거,"2024-11",부산광역시,242641,183329
기초생활보장(맞춤형급여) - 중복제거,"2024-11",대구광역시,161291,118889
기초생활보장(맞춤형급여) - 중복제거,"2024-11",인천광역시,183546,130893
기초생활보장(맞춤형급여) - 중복제거,"2024-11",광주광역시,99940,68733
기초생활보장(맞춤형급여) - 중복제거,"2024-11",대전광역시,80451,58590
기초생활보장(맞춤형급여) - 중복제거,"2024-11",울산광역시,46134,34169
기초생활보장(맞춤형급여) - 중복제거,"2024-11",세종특별자치시,9205,6244
기초생활보장(맞춤형급여) - 중복제거,"2024-11",경기도,504705,371014
기초생활보장(맞춤형급여) - 중복제거,"2024-11",충청북도,84848,63763
기초생활보장(맞춤형급여) - 중복제거,"2024-11",충청남도,97573,73743
기초생활보장(맞춤형급여) - 중복제거,"2024-11",전라남도,110667,83588
기초생활보장(맞춤형급여) - 중복제거,"2024-11",경상북도,157143,119952
기초생활보장(맞춤형급여) - 중복제거,"2024-11",경상남도,184040,136669
기초생활보장(맞춤형급여) - 중복제거,"2024-11",제주특별자치도,37065,25768
기초생활보장(맞춤형급여) - 중복제거,"2024-11",강원특별자치도,89020,68083
기초생활보장(맞춤형급여) - 중복제거,"2024-11",전북특별자치도,135036,97024
기초생활보장(맞춤형급여) - 중복제거,"2024-12",서울특별시,443952,338198
기초생활보장(맞춤형급여) - 중복제거,"2024-12",부산광역시,243110,183781
기초생활보장(맞춤형급여) - 중복제거,"2024-12",대구광역시,161699,119196
기초생활보장(맞춤형급여) - 중복제거,"2024-12",인천광역시,184260,131435
기초생활보장(맞춤형급여) - 중복제거,"2024-12",광주광역시,100201,68935
기초생활보장(맞춤형급여) - 중복제거,"2024-12",대전광역시,80729,58772
기초생활보장(맞춤형급여) - 중복제거,"2024-12",울산광역시,46345,34335
기초생활보장(맞춤형급여) - 중복제거,"2024-12",세종특별자치시,9369,6336
기초생활보장(맞춤형급여) - 중복제거,"2024-12",경기도,506929,372826
기초생활보장(맞춤형급여) - 중복제거,"2024-12",충청북도,84716,63738
기초생활보장(맞춤형급여) - 중복제거,"2024-12",충청남도,97896,73993
기초생활보장(맞춤형급여) - 중복제거,"2024-12",전라남도,110861,83763
기초생활보장(맞춤형급여) - 중복제거,"2024-12",경상북도,157471,120247
기초생활보장(맞춤형급여) - 중복제거,"2024-12",경상남도,184319,136952
기초생활보장(맞춤형급여) - 중복제거,"2024-12",제주특별자치도,37154,25851
기초생활보장(맞춤형급여) - 중복제거,"2024-12",강원특별자치도,89150,68197
기초생활보장(맞춤형급여) - 중복제거,"2024-12",전북특별자치도,135324,97241
기초생계급여,"2024-01",서울특별시,279831,225465
기초생계급여,"2024-01",부산광역시,158517,126174
기초생계급여,"2024-01",대구광역시,103013,80892
기초생계급여,"2024-01",인천광역시,108567,83618
기초생계급여,"2024-01",광주광역시,58859,43544
기초생계급여,"2024-01",대전광역시,51689,40139
기초생계급여,"2024-01",울산광역시,23931,19694
기초생계급여,"2024-01",세종특별자치시,4463,3545
기초생계급여,"2024-01",경기도,269735,220210
기초생계급여,"2024-01",충청북도,52245,42553
기초생계급여,"2024-01",충청남도,62027,50612
기초생계급여,"2024-01",전라남도,71569,57750
기초생계급여,"2024-01",경상북도,101723,83144
기초생계급여,"2024-01",경상남도,108281,87800
기초생계급여,"2024-01",제주특별자치도,21975,16785
기초생계급여,"2024-01",강원특별자치도,55474,45681
기초생계급여,"2024-01",전북특별자치도,85472,66046
기초생계급여,"2024-02",서울특별시,281687,227077
기초생계급여,"2024-02",부산광역시,159423,126907
기초생계급여,"2024-02",대구광역시,103663,81394
기초생계급여,"2024-02",인천광역시,109167,84143
기초생계급여,"2024-02",광주광역시,59187,43782
기초생계급여,"2024-02",대전광역시,51930,40323
기초생계급여,"2024-02",울산광역시,24169,19867
기초생계급여,"2024-02",세종특별자치시,4500,3568
기초생계급여,"2024-02",경기도,271587,221784
기초생계급여,"2024-02",충청북도,52559,42811
기초생계급여,"2024-02",충청남도,62401,50921
기초생계급여,"2024-02",전라남도,71845,57989
기초생계급여,"2024-02",경상북도,102323,83654
기초생계급여,"2024-02",경상남도,108997,88429
기초생계급여,"2024-02",제주특별자치도,22182,16922
기초생계급여,"2024-02",강원특별자치도,55704,45885
기초생계급여,"2024-02",전북특별자치도,85901,66375
기초생계급여,"2024-03",서울특별시,282974,228287
기초생계급여,"2024-03",부산광역시,160577,127838
기초생계급여,"2024-03",대구광역시,104286,81943
기초생계급여,"2024-03",인천광역시,110013,84794
기초생계급여,"2024-03",광주광역시,59548,44056
기초생계급여,"2024-03",대전광역시,52129,40519
기초생계급여,"2024-03",울산광역시,24352,20029
기초생계급여,"2024-03",세종특별자치시,4539,3604
기초생계급여,"2024-03",경기도,273733,223679
기초생계급여,"2024-03",충청북도,52909,43116
기초생계급여,"2024-03",충청남도,62727,51206
기초생계급여,"2024-03",전라남도,72398,58386
기초생계급여,"2024-03",경상북도,102982,84208
기초생계급여,"2024-03",경상남도,109869,89161
기초생계급여,"2024-03",제주특별자치도,22341,17028
기초생계급여,"2024-03",강원특별자치도,56021,46133
기초생계급여,"2024-03",전북특별자치도,86187,66645
기초생계급여,"2024-04",서울특별시,284664,229761
기초생계급여,"2024-04",부산광역시,161381,128541
기초생계급여,"2024-04",대구광역시,104897,82476
기초생계급여,"2024-04",인천광역시,110935,85520
기초생계급여,"2024-04",광주광역시,60043,44428
기초생계급여,"2024-04",대전광역시,52457,40787
기초생계급여,"2024-04",울산광역시,24508,20161
기초생계급여,"2024-04",세종특별자치시,4547,3607
기초생계급여,"2024-04",경기도,275974,225521
기초생계급여,"2024-04",충청북도,53218,43380
기초생계급여,"2024-04",충청남도,62983,51442
기초생계급여,"2024-04",전라남도,72430,58469
기초생계급여,"2024-04",경상북도,103659,84766
기초생계급여,"2024-04",경상남도,110350,89595
기초생계급여,"2024-04",제주특별자치도,22514,17136
기초생계급여,"2024-04",강원특별자치도,56253,46332
기초생계급여,"2024-04",전북특별자치도,86465,66940
기초생계급여,"2024-05",서울특별시,286204,231120
기초생계급여,"2024-05",부산광역시,162029,129062
기초생계급여,"2024-05",대구광역시,105311,82827
기초생계급여,"2024-05",인천광역시,111626,86060
기초생계급여,"2024-05",광주광역시,60363,44680
기초생계급여,"2024-05",대전광역시,52751,41038
기초생계급여,"2024-05",울산광역시,24685,20291
기초생계급여,"2024-05",세종특별자치시,4603,3646
기초생계급여,"2024-05",경기도,278203,227322
기초생계급여,"2024-05",충청북도,53442,43563
기초생계급여,"2024-05",충청남도,63387,51731
기초생계급여,"2024-05",전라남도,72570,58589
기초생계급여,"2024-05",경상북도,104303,85223
기초생계급여,"2024-05",경상남도,110811,89957
기초생계급여,"2024-05",제주특별자치도,22667,17252
기초생계급여,"2024-05",강원특별자치도,56480,46478
기초생계급여,"2024-05",전북특별자치도,86719,67116
기초생계급여,"2024-06",서울특별시,287457,232162
기초생계급여,"2024-06",부산광역시,162654,129538
기초생계급여,"2024-06",대구광역시,105758,83215
기초생계급여,"2024-06",인천광역시,112388,86617
기초생계급여,"2024-06",광주광역시,60594,44853
기초생계급여,"2024-06",대전광역시,53007,41246
기초생계급여,"2024-06",울산광역시,24768,20370
기초생계급여,"2024-06",세종특별자치시,4601,3649
기초생계급여,"2024-06",경기도,280044,228807
기초생계급여,"2024-06",충청북도,53527,43663
기초생계급여,"2024-06",충청남도,63629,51924
기초생계급여,"2024-06",전라남도,72830,58787
기초생계급여,"2024-06",경상북도,104651,85526
기초생계급여,"2024-06",경상남도,111251,90343
기초생계급여,"2024-06",제주특별자치도,22856,17391
기초생계급여,"2024-06",강원특별자치도,56613,46609
기초생계급여,"2024-06",전북특별자치도,87024,67340
기초생계급여,"2024-07",서울특별시,288128,232958
기초생계급여,"2024-07",부산광역시,163145,130041
기초생계급여,"2024-07",대구광역시,106067,83538
기초생계급여,"2024-07",인천광역시,113031,87190
기초생계급여,"2024-07",광주광역시,60722,45043
기초생계급여,"2024-07",대전광역시,53177,41455
기초생계급여,"2024-07",울산광역시,24946,20517
기초생계급여,"2024-07",세종특별자치시,4611,3661
기초생계급여,"2024-07",경기도,282038,230558
기초생계급여,"2024-07",충청북도,53664,43799
기초생계급여,"2024-07",충청남도,63754,52062
기초생계급여,"2024-07",전라남도,73039,58975
기초생계급여,"2024-07",경상북도,104992,85829
기초생계급여,"2024-07",경상남도,111722,90804
기초생계급여,"2024-07",제주특별자치도,22961,17494
기초생계급여,"2024-07",강원특별자치도,56578,46650
기초생계급여,"2024-07",전북특별자치도,87060,67461
기초생계급여,"2024-08",서울특별시,289128,233936
기초생계급여,"2024-08",부산광역시,163556,130456
기초생계급여,"2024-08",대구광역시,106619,83960
기초생계급여,"2024-08",인천광역시,113758,87783
기초생계급여,"2024-08",광주광역시,61034,45273
기초생계급여,"2024-08",대전광역시,53493,41714
기초생계급여,"2024-08",울산광역시,25087,20646
기초생계급여,"2024-08",세종특별자치시,4645,3673
기초생계급여,"2024-08",경기도,284090,232328
기초생계급여,"2024-08",충청북도,53868,43974
기초생계급여,"2024-08",충청남도,64067,52348
기초생계급여,"2024-08",전라남도,73291,59180
기초생계급여,"2024-08",경상북도,105449,86214
기초생계급여,"2024-08",경상남도,112247,91251
기초생계급여,"2024-08",제주특별자치도,23170,17661
기초생계급여,"2024-08",강원특별자치도,56755,46805
기초생계급여,"2024-08",전북특별자치도,87184,67578
기초생계급여,"2024-09",서울특별시,290218,234921
기초생계급여,"2024-09",부산광역시,163961,130842
기초생계급여,"2024-09",대구광역시,106919,84226
기초생계급여,"2024-09",인천광역시,114386,88291
기초생계급여,"2024-09",광주광역시,61334,45481
기초생계급여,"2024-09",대전광역시,53758,41899
기초생계급여,"2024-09",울산광역시,25239,20771
기초생계급여,"2024-09",세종특별자치시,4659,3677
기초생계급여,"2024-09",경기도,285593,233703
기초생계급여,"2024-09",충청북도,54025,44096
기초생계급여,"2024-09",충청남도,64299,52538
기초생계급여,"2024-09",전라남도,73468,59322
기초생계급여,"2024-09",경상북도,105759,86483
기초생계급여,"2024-09",경상남도,112663,91638
기초생계급여,"2024-09",제주특별자치도,23246,17724
기초생계급여,"2024-09",강원특별자치도,56949,46989
기초생계급여,"2024-09",전북특별자치도,87339,67727
기초생계급여,"2024-10",서울특별시,290775,235542
기초생계급여,"2024-10",부산광역시,163722,130736
기초생계급여,"2024-10",대구광역시,107033,84355
기초생계급여,"2024-10",인천광역시,114989,88813
기초생계급여,"2024-10",광주광역시,61631,45728
기초생계급여,"2024-10",대전광역시,53906,42037
기초생계급여,"2024-10",울산광역시,25152,20706
기초생계급여,"2024-10",세종특별자치시,4692,3685
기초생계급여,"2024-10",경기도,286948,234839
기초생계급여,"2024-10",충청북도,54038,44110
기초생계급여,"2024-10",충청남도,64305,52537
기초생계급여,"2024-10",전라남도,73181,59108
기초생계급여,"2024-10",경상북도,105610,86379
기초생계급여,"2024-10",경상남도,112625,91693
기초생계급여,"2024-10",제주특별자치도,23350,17826
기초생계급여,"2024-10",강원특별자치도,56761,46892
기초생계급여,"2024-10",전북특별자치도,87266,67690
기초생계급여,"2024-11",서울특별시,291610,236297
기초생계급여,"2024-11",부산광역시,163709,130752
기초생계급여,"2024-11",대구광역시,107159,84485
기초생계급여,"2024-11",인천광역시,115302,89068
기초생계급여,"2024-11",광주광역시,61736,45769
기초생계급여,"2024-11",대전광역시,54026,42148
기초생계급여,"2024-11",울산광역시,25227,20764
기초생계급여,"2024-11",세종특별자치시,4678,3680
기초생계급여,"2024-11",경기도,288338,236016
기초생계급여,"2024-11",충청북도,53974,44052
기초생계급여,"2024-11",충청남도,64284,52537
기초생계급여,"2024-11",전라남도,72943,58937
기초생계급여,"2024-11",경상북도,105581,86341
기초생계급여,"2024-11",경상남도,112585,91651
기초생계급여,"2024-11",제주특별자치도,23495,17919
기초생계급여,"2024-11",강원특별자치도,56817,46926
기초생계급여,"2024-11",전북특별자치도,87096,67550
기초생계급여,"2024-12",서울특별시,292428,237058
기초생계급여,"2024-12",부산광역시,164067,131055
기초생계급여,"2024-12",대구광역시,107447,84726
기초생계급여,"2024-12",인천광역시,115929,89509
기초생계급여,"2024-12",광주광역시,61947,45925
기초생계급여,"2024-12",대전광역시,54189,42230
기초생계급여,"2024-12",울산광역시,25376,20897
기초생계급여,"2024-12",세종특별자치시,4737,3722
기초생계급여,"2024-12",경기도,289703,237096
기초생계급여,"2024-12",충청북도,53917,44010
기초생계급여,"2024-12",충청남도,64503,52688
기초생계급여,"2024-12",전라남도,73085,59066
기초생계급여,"2024-12",경상북도,105808,86511
기초생계급여,"2024-12",경상남도,112839,91822
기초생계급여,"2024-12",제주특별자치도,23591,17983
기초생계급여,"2024-12",강원특별자치도,56848,46962
기초생계급여,"2024-12",전북특별자치도,87289,67669
기초의료급여,"2024-01",서울특별시,247606,198509
기초의료급여,"2024-01",부산광역시,140179,111448
기초의료급여,"2024-01",대구광역시,93575,73162
기초의료급여,"2024-01",인천광역시,98188,74927
기초의료급여,"2024-01",광주광역시,54712,40037
기초의료급여,"2024-01",대전광역시,47174,36519
기초의료급여,"2024-01",울산광역시,22015,17943
기초의료급여,"2024-01",세종특별자치시,3906,3103
기초의료급여,"2024-01",경기도,242703,196006
기초의료급여,"2024-01",충청북도,44979,36322
기초의료급여,"2024-01",충청남도,53690,43392
기초의료급여,"2024-01",전라남도,59718,47298
기초의료급여,"2024-01",경상북도,88650,71631
기초의료급여,"2024-01",경상남도,94836,76660
기초의료급여,"2024-01",제주특별자치도,19681,15101
기초의료급여,"2024-01",강원특별자치도,49912,40532
기초의료급여,"2024-01",전북특별자치도,75624,57429
기초의료급여,"2024-02",서울특별시,248630,199448
기초의료급여,"2024-02",부산광역시,140691,111878
기초의료급여,"2024-02",대구광역시,94012,73504
기초의료급여,"2024-02",인천광역시,98559,75280
기초의료급여,"2024-02",광주광역시,54931,40240
기초의료급여,"2024-02",대전광역시,47310,36618
기초의료급여,"2024-02",울산광역시,22167,18045
기초의료급여,"2024-02",세종특별자치시,3917,3110
기초의료급여,"2024-02",경기도,243814,197027
기초의료급여,"2024-02",충청북도,45171,36485
기초의료급여,"2024-02",충청남도,53980,43626
기초의료급여,"2024-02",전라남도,59992,47513
기초의료급여,"2024-02",경상북도,89096,72011
기초의료급여,"2024-02",경상남도,95310,77085
기초의료급여,"2024-02",제주특별자치도,19809,15180
기초의료급여,"2024-02",강원특별자치도,50030,40656
기초의료급여,"2024-02",전북특별자치도,75879,57641
기초의료급여,"2024-03",서울특별시,249440,200212
기초의료급여,"2024-03",부산광역시,141584,112586
기초의료급여,"2024-03",대구광역시,94387,73889
기초의료급여,"2024-03",인천광역시,99104,75739
기초의료급여,"2024-03",광주광역시,55041,40353
기초의료급여,"2024-03",대전광역시,47413,36759
기초의료급여,"2024-03",울산광역시,22322,18187
기초의료급여,"2024-03",세종특별자치시,3930,3123
기초의료급여,"2024-03",경기도,245170,198329
기초의료급여,"2024-03",충청북도,45369,36690
기초의료급여,"2024-03",충청남도,54197,43826
기초의료급여,"2024-03",전라남도,60231,47718
기초의료급여,"2024-03",경상북도,89525,72388
기초의료급여,"2024-03",경상남도,95843,77542
기초의료급여,"2024-03",제주특별자치도,19884,15248
기초의료급여,"2024-03",강원특별자치도,50289,40855
기초의료급여,"2024-03",전북특별자치도,76118,57888
기초의료급여,"2024-04",서울특별시,250626,201292
기초의료급여,"2024-04",부산광역시,142193,113128
기초의료급여,"2024-04",대구광역시,94771,74255
기초의료급여,"2024-04",인천광역시,99721,76252
기초의료급여,"2024-04",광주광역시,55317,40611
기초의료급여,"2024-04",대전광역시,47592,36939
기초의료급여,"2024-04",울산광역시,22446,18286
기초의료급여,"2024-04",세종특별자치시,3942,3132
기초의료급여,"2024-04",경기도,246836,199716
기초의료급여,"2024-04",충청북도,45544,36866
기초의료급여,"2024-04",충청남도,54425,44049
기초의료급여,"2024-04",전라남도,60374,47895
기초의료급여,"2024-04",경상북도,90018,72812
기초의료급여,"2024-04",경상남도,96215,77888
기초의료급여,"2024-04",제주특별자치도,19935,15295
기초의료급여,"2024-04",강원특별자치도,50396,40962
기초의료급여,"2024-04",전북특별자치도,76374,58146
기초의료급여,"2024-05",서울특별시,251792,202328
기초의료급여,"2024-05",부산광역시,142691,113541
기초의료급여,"2024-05",대구광역시,95112,74573
기초의료급여,"2024-05",인천광역시,100102,76604
기초의료급여,"2024-05",광주광역시,55520,40815
기초의료급여,"2024-05",대전광역시,47800,37132
기초의료급여,"2024-05",울산광역시,22620,18422
기초의료급여,"2024-05",세종특별자치시,3974,3159
기초의료급여,"2024-05",경기도,248458,201093
기초의료급여,"2024-05",충청북도,45696,37007
기초의료급여,"2024-05",충청남도,54722,44275
기초의료급여,"2024-05",전라남도,60442,47948
기초의료급여,"2024-05",경상북도,90477,73155
기초의료급여,"2024-05",경상남도,96551,78177
기초의료급여,"2024-05",제주특별자치도,20015,15370
기초의료급여,"2024-05",강원특별자치도,50655,41070
기초의료급여,"2024-05",전북특별자치도,76634,58323
기초의료급여,"2024-06",서울특별시,251923,202585
기초의료급여,"2024-06",부산광역시,142707,113565
기초의료급여,"2024-06",대구광역시,95262,74717
기초의료급여,"2024-06",인천광역시,100369,76840
기초의료급여,"2024-06",광주광역시,55499,40820
기초의료급여,"2024-06",대전광역시,47896,37241
기초의료급여,"2024-06",울산광역시,22607,18429
기초의료급여,"2024-06",세종특별자치시,3928,3143
기초의료급여,"2024-06",경기도,249232,201736
기초의료급여,"2024-06",충청북도,45615,36966
기초의료급여,"2024-06",충청남도,54704,44283
기초의료급여,"2024-06",전라남도,60430,47918
기초의료급여,"2024-06",경상북도,90512,73205
기초의료급여,"2024-06",경상남도,96659,78325
기초의료급여,"2024-06",제주특별자치도,20021,15394
기초의료급여,"2024-06",강원특별자치도,50470,41013
기초의료급여,"2024-06",전북특별자치도,76637,58331
기초의료급여,"2024-07",서울특별시,252004,202909
기초의료급여,"2024-07",부산광역시,142951,113906
기초의료급여,"2024-07",대구광역시,95411,74933
기초의료급여,"2024-07",인천광역시,100751,77249
기초의료급여,"2024-07",광주광역시,55497,40920
기초의료급여,"2024-07",대전광역시,47973,37358
기초의료급여,"2024-07",울산광역시,22728,18543
기초의료급여,"2024-07",세종특별자치시,3939,3152
기초의료급여,"2024-07",경기도,250336,202837
기초의료급여,"2024-07",충청북도,45672,37058
기초의료급여,"2024-07",충청남도,54773,44364
기초의료급여,"2024-07",전라남도,60456,48018
기초의료급여,"2024-07",경상북도,90731,73422
기초의료급여,"2024-07",경상남도,96928,78656
기초의료급여,"2024-07",제주특별자치도,20066,15456
기초의료급여,"2024-07",강원특별자치도,50422,41020
기초의료급여,"2024-07",전북특별자치도,76608,58391
기초의료급여,"2024-08",서울특별시,252524,203460
기초의료급여,"2024-08",부산광역시,143198,114201
기초의료급여,"2024-08",대구광역시,95784,75224
기초의료급여,"2024-08",인천광역시,101273,77689
기초의료급여,"2024-08",광주광역시,55626,41060
기초의료급여,"2024-08",대전광역시,48193,37549
기초의료급여,"2024-08",울산광역시,22832,18647
기초의료급여,"2024-08",세종특별자치시,3977,3171
기초의료급여,"2024-08",경기도,251849,204233
기초의료급여,"2024-08",충청북도,45798,37187
기초의료급여,"2024-08",충청남도,54944,44554
기초의료급여,"2024-08",전라남도,60587,48162
기초의료급여,"2024-08",경상북도,91028,73705
기초의료급여,"2024-08",경상남도,97246,78960
기초의료급여,"2024-08",제주특별자치도,20212,15582
기초의료급여,"2024-08",강원특별자치도,50475,41082
기초의료급여,"2024-08",전북특별자치도,76636,58444
기초의료급여,"2024-09",서울특별시,253131,204071
기초의료급여,"2024-09",부산광역시,143363,114415
기초의료급여,"2024-09",대구광역시,95970,75404
기초의료급여,"2024-09",인천광역시,101689,78020
기초의료급여,"2024-09",광주광역시,55785,41186
기초의료급여,"2024-09",대전광역시,48356,37689
기초의료급여,"2024-09",울산광역시,22922,18731
기초의료급여,"2024-09",세종특별자치시,3960,3161
기초의료급여,"2024-09",경기도,252740,205119
기초의료급여,"2024-09",충청북도,45865,37264
기초의료급여,"2024-09",충청남도,55085,44679
기초의료급여,"2024-09",전라남도,60648,48218
기초의료급여,"2024-09",경상북도,91236,73885
기초의료급여,"2024-09",경상남도,97548,79246
기초의료급여,"2024-09",제주특별자치도,20258,15635
기초의료급여,"2024-09",강원특별자치도,50576,41187
기초의료급여,"2024-09",전북특별자치도,76699,58542
기초의료급여,"2024-10",서울특별시,253599,204621
기초의료급여,"2024-10",부산광역시,143428,114565
기초의료급여,"2024-10",대구광역시,96068,75556
기초의료급여,"2024-10",인천광역시,102063,78406
기초의료급여,"2024-10",광주광역시,55992,41365
기초의료급여,"2024-10",대전광역시,48447,37794
기초의료급여,"2024-10",울산광역시,22966,18762
기초의료급여,"2024-10",세종특별자치시,3961,3162
기초의료급여,"2024-10",경기도,253666,205978
기초의료급여,"2024-10",충청북도,45888,37297
기초의료급여,"2024-10",충청남도,55246,44820
기초의료급여,"2024-10",전라남도,60692,48270
기초의료급여,"2024-10",경상북도,91330,73994
기초의료급여,"2024-10",경상남도,97595,79395
기초의료급여,"2024-10",제주특별자치도,20313,15700
기초의료급여,"2024-10",강원특별자치도,50533,41191
기초의료급여,"2024-10",전북특별자치도,76758,58620
기초의료급여,"2024-11",서울특별시,254286,205267
기초의료급여,"2024-11",부산광역시,143640,114788
기초의료급여,"2024-11",대구광역시,96282,75762
기초의료급여,"2024-11",인천광역시,102472,78760
기초의료급여,"2024-11",광주광역시,56174,41506
기초의료급여,"2024-11",대전광역시,48572,37921
기초의료급여,"2024-11",울산광역시,23100,18867
기초의료급여,"2024-11",세종특별자치시,3963,3166
기초의료급여,"2024-11",경기도,254795,207009
기초의료급여,"2024-11",충청북도,45934,37347
기초의료급여,"2024-11",충청남도,55429,44987
기초의료급여,"2024-11",전라남도,60665,48267
기초의료급여,"2024-11",경상북도,91395,74057
기초의료급여,"2024-11",경상남도,97820,79593
기초의료급여,"2024-11",제주특별자치도,20376,15751
기초의료급여,"2024-11",강원특별자치도,50547,41212
기초의료급여,"2024-11",전북특별자치도,76711,58628
기초의료급여,"2024-12",서울특별시,254125,205265
기초의료급여,"2024-12",부산광역시,143286,114537
기초의료급여,"2024-12",대구광역시,96239,75722
기초의료급여,"2024-12",인천광역시,102580,78854
기초의료급여,"2024-12",광주광역시,56052,41447
기초의료급여,"2024-12",대전광역시,48455,37832
기초의료급여,"2024-12",울산광역시,23015,18825
기초의료급여,"2024-12",세종특별자치시,3937,3154
기초의료급여,"2024-12",경기도,254991,207240
기초의료급여,"2024-12",충청북도,45689,37167
기초의료급여,"2024-12",충청남도,55369,44961
기초의료급여,"2024-12",전라남도,60391,48081
기초의료급여,"2024-12",경상북도,91223,73948
기초의료급여,"2024-12",경상남도,97615,79444
기초의료급여,"2024-12",제주특별자치도,20351,15736
기초의료급여,"2024-12",강원특별자치도,50348,41076
기초의료급여,"2024-12",전북특별자치도,76527,58486
기초주거급여,"2024-01",서울특별시,414184,310184
기초주거급여,"2024-01",부산광역시,225300,167754
기초주거급여,"2024-01",대구광역시,146880,106430
기초주거급여,"2024-01",인천광역시,165560,115538
기초주거급여,"2024-01",광주광역시,92316,62392
기초주거급여,"2024-01",대전광역시,73537,52414
기초주거급여,"2024-01",울산광역시,41604,30344
기초주거급여,"2024-01",세종특별자치시,7862,5250
기초주거급여,"2024-01",경기도,445220,321316
기초주거급여,"2024-01",충청북도,73848,54350
기초주거급여,"2024-01",충청남도,81979,60776
기초주거급여,"2024-01",전라남도,90563,66553
기초주거급여,"2024-01",경상북도,132994,99121
기초주거급여,"2024-01",경상남도,158801,115551
기초주거급여,"2024-01",제주특별자치도,32103,21722
기초주거급여,"2024-01",강원특별자치도,76794,57404
기초주거급여,"2024-01",전북특별자치도,118787,83033
기초주거급여,"2024-02",서울특별시,416342,312019
기초주거급여,"2024-02",부산광역시,226268,168554
기초주거급여,"2024-02",대구광역시,147752,107056
기초주거급여,"2024-02",인천광역시,166225,116100
기초주거급여,"2024-02",광주광역시,92795,62710
기초주거급여,"2024-02",대전광역시,73794,52645
기초주거급여,"2024-02",울산광역시,41941,30561
기초주거급여,"2024-02",세종특별자치시,7886,5261
기초주거급여,"2024-02",경기도,448218,323585
기초주거급여,"2024-02",충청북도,74304,54680
기초주거급여,"2024-02",충청남도,82578,61181
기초주거급여,"2024-02",전라남도,90798,66761
기초주거급여,"2024-02",경상북도,133691,99675
기초주거급여,"2024-02",경상남도,159866,116348
기초주거급여,"2024-02",제주특별자치도,32357,21887
기초주거급여,"2024-02",강원특별자치도,77196,57717
기초주거급여,"2024-02",전북특별자치도,119262,83439
기초주거급여,"2024-03",서울특별시,418035,313529
기초주거급여,"2024-03",부산광역시,227730,169674
기초주거급여,"2024-03",대구광역시,148664,107747
기초주거급여,"2024-03",인천광역시,167186,116860
기초주거급여,"2024-03",광주광역시,93221,63051
기초주거급여,"2024-03",대전광역시,74107,52914
기초주거급여,"2024-03",울산광역시,42255,30794
기초주거급여,"2024-03",세종특별자치시,7962,5308
기초주거급여,"2024-03",경기도,451503,326142
기초주거급여,"2024-03",충청북도,74915,55115
기초주거급여,"2024-03",충청남도,83116,61572
기초주거급여,"2024-03",전라남도,91375,67180
기초주거급여,"2024-03",경상북도,134521,100287
기초주거급여,"2024-03",경상남도,161060,117246
기초주거급여,"2024-03",제주특별자치도,32616,22061
기초주거급여,"2024-03",강원특별자치도,77693,58052
기초주거급여,"2024-03",전북특별자치도,119761,83830
기초주거급여,"2024-04",서울특별시,420198,315283
기초주거급여,"2024-04",부산광역시,229081,170654
기초주거급여,"2024-04",대구광역시,149757,108485
기초주거급여,"2024-04",인천광역시,168590,117795
기초주거급여,"2024-04",광주광역시,94050,63521
기초주거급여,"2024-04",대전광역시,74500,53250
기초주거급여,"2024-04",울산광역시,42592,31015
기초주거급여,"2024-04",세종특별자치시,8010,5352
기초주거급여,"2024-04",경기도,455346,328889
기초주거급여,"2024-04",충청북도,75513,55501
기초주거급여,"2024-04",충청남도,83630,61936
기초주거급여,"2024-04",전라남도,91830,67502
기초주거급여,"2024-04",경상북도,135427,100925
기초주거급여,"2024-04",경상남도,162206,117970
기초주거급여,"2024-04",제주특별자치도,32922,22237
기초주거급여,"2024-04",강원특별자치도,77999,58257
기초주거급여,"2024-04",전북특별자치도,120242,84184
기초주거급여,"2024-05",서울특별시,422855,317303
기초주거급여,"2024-05",부산광역시,230419,171614
기초주거급여,"2024-05",대구광역시,150765,109183
기초주거급여,"2024-05",인천광역시,169903,118681
기초주거급여,"2024-05",광주광역시,94580,63915
기초주거급여,"2024-05",대전광역시,74916,53547
기초주거급여,"2024-05",울산광역시,42917,31226
기초주거급여,"2024-05",세종특별자치시,8156,5431
기초주거급여,"2024-05",경기도,459889,331908
기초주거급여,"2024-05",충청북도,76165,55930
기초주거급여,"2024-05",충청남도,84398,62407
기초주거급여,"2024-05",전라남도,92339,67821
기초주거급여,"2024-05",경상북도,136518,101633
기초주거급여,"2024-05",경상남도,163167,118633
기초주거급여,"2024-05",제주특별자치도,33252,22430
기초주거급여,"2024-05",강원특별자치도,78798,58641
기초주거급여,"2024-05",전북특별자치도,120816,84516
기초주거급여,"2024-06",서울특별시,424559,318711
기초주거급여,"2024-06",부산광역시,231271,172198
기초주거급여,"2024-06",대구광역시,151472,109662
기초주거급여,"2024-06",인천광역시,171154,119580
기초주거급여,"2024-06",광주광역시,94936,64165
기초주거급여,"2024-06",대전광역시,75319,53868
기초주거급여,"2024-06",울산광역시,43106,31367
기초주거급여,"2024-06",세종특별자치시,8241,5485
기초주거급여,"2024-06",경기도,463680,334579
기초주거급여,"2024-06",충청북도,76336,56109
기초주거급여,"2024-06",충청남도,84873,62736
기초주거급여,"2024-06",전라남도,92799,68119
기초주거급여,"2024-06",경상북도,137093,102055
기초주거급여,"2024-06",경상남도,164120,119315
기초주거급여,"2024-06",제주특별자치도,33435,22562
기초주거급여,"2024-06",강원특별자치도,78768,58800
기초주거급여,"2024-06",전북특별자치도,121412,84933
기초주거급여,"2024-07",서울특별시,424964,319497
기초주거급여,"2024-07",부산광역시,231523,172647
기초주거급여,"2024-07",대구광역시,151830,110003
기초주거급여,"2024-07",인천광역시,171663,120168
기초주거급여,"2024-07",광주광역시,94852,64294
기초주거급여,"2024-07",대전광역시,75444,54071
기초주거급여,"2024-07",울산광역시,43133,31441
기초주거급여,"2024-07",세종특별자치시,8236,5486
기초주거급여,"2024-07",경기도,465599,336422
기초주거급여,"2024-07",충청북도,76399,56215
기초주거급여,"2024-07",충청남도,84963,62882
기초주거급여,"2024-07",전라남도,92797,68211
기초주거급여,"2024-07",경상북도,137207,102274
기초주거급여,"2024-07",경상남도,164567,119812
기초주거급여,"2024-07",제주특별자치도,33512,22685
기초주거급여,"2024-07",강원특별자치도,78772,58841
기초주거급여,"2024-07",전북특별자치도,121413,85080
기초주거급여,"2024-08",서울특별시,425959,320479
기초주거급여,"2024-08",부산광역시,232169,173235
기초주거급여,"2024-08",대구광역시,152452,110488
기초주거급여,"2024-08",인천광역시,172755,120995
기초주거급여,"2024-08",광주광역시,95208,64578
기초주거급여,"2024-08",대전광역시,75797,54385
기초주거급여,"2024-08",울산광역시,43290,31604
기초주거급여,"2024-08",세종특별자치시,8326,5523
기초주거급여,"2024-08",경기도,468670,338817
기초주거급여,"2024-08",충청북도,76683,56440
기초주거급여,"2024-08",충청남도,85400,63248
기초주거급여,"2024-08",전라남도,93151,68463
기초주거급여,"2024-08",경상북도,137679,102701
기초주거급여,"2024-08",경상남도,165197,120329
기초주거급여,"2024-08",제주특별자치도,33725,22853
기초주거급여,"2024-08",강원특별자치도,78933,58976
기초주거급여,"2024-08",전북특별자치도,121565,85248
기초주거급여,"2024-09",서울특별시,426952,321459
기초주거급여,"2024-09",부산광역시,232738,173735
기초주거급여,"2024-09",대구광역시,152829,110853
기초주거급여,"2024-09",인천광역시,173377,121516
기초주거급여,"2024-09",광주광역시,95525,64832
기초주거급여,"2024-09",대전광역시,76141,54598
기초주거급여,"2024-09",울산광역시,43376,31701
기초주거급여,"2024-09",세종특별자치시,8338,5539
기초주거급여,"2024-09",경기도,470967,340692
기초주거급여,"2024-09",충청북도,76908,56627
기초주거급여,"2024-09",충청남도,85705,63489
기초주거급여,"2024-09",전라남도,93531,68722
기초주거급여,"2024-09",경상북도,138011,102972
기초주거급여,"2024-09",경상남도,165967,120896
기초주거급여,"2024-09",제주특별자치도,33864,22962
기초주거급여,"2024-09",강원특별자치도,79079,59134
기초주거급여,"2024-09",전북특별자치도,121796,85450
기초주거급여,"2024-10",서울특별시,427409,322201
기초주거급여,"2024-10",부산광역시,232795,174019
기초주거급여,"2024-10",대구광역시,152895,111037
기초주거급여,"2024-10",인천광역시,174024,122135
기초주거급여,"2024-10",광주광역시,95818,65124
기초주거급여,"2024-10",대전광역시,76313,54773
기초주거급여,"2024-10",울산광역시,43503,31786
기초주거급여,"2024-10",세종특별자치시,8416,5572
기초주거급여,"2024-10",경기도,473107,342447
기초주거급여,"2024-10",충청북도,77088,56776
기초주거급여,"2024-10",충청남도,86040,63746
기초주거급여,"2024-10",전라남도,93490,68756
기초주거급여,"2024-10",경상북도,138132,103143
기초주거급여,"2024-10",경상남도,166122,121209
기초주거급여,"2024-10",제주특별자치도,34037,23098
기초주거급여,"2024-10",강원특별자치도,78942,59119
기초주거급여,"2024-10",전북특별자치도,122114,85723
기초주거급여,"2024-11",서울특별시,428989,323610
기초주거급여,"2024-11",부산광역시,233548,174689
기초주거급여,"2024-11",대구광역시,153506,111544
기초주거급여,"2024-11",인천광역시,174958,122893
기초주거급여,"2024-11",광주광역시,96233,65449
기초주거급여,"2024-11",대전광역시,76565,54986
기초주거급여,"2024-11",울산광역시,43761,31964
기초주거급여,"2024-11",세종특별자치시,8464,5594
기초주거급여,"2024-11",경기도,476028,344754
기초주거급여,"2024-11",충청북도,77306,56967
기초주거급여,"2024-11",충청남도,86449,64048
기초주거급여,"2024-11",전라남도,93611,68849
기초주거급여,"2024-11",경상북도,138595,103491
기초주거급여,"2024-11",경상남도,166764,121741
기초주거급여,"2024-11",제주특별자치도,34243,23242
기초주거급여,"2024-11",강원특별자치도,79212,59344
기초주거급여,"2024-11",전북특별자치도,122272,85898
기초주거급여,"2024-12",서울특별시,430408,324866
기초주거급여,"2024-12",부산광역시,234185,175229
기초주거급여,"2024-12",대구광역시,154009,111931
기초주거급여,"2024-12",인천광역시,175738,123469
기초주거급여,"2024-12",광주광역시,96544,65689
기초주거급여,"2024-12",대전광역시,76919,55224
기초주거급여,"2024-12",울산광역시,43988,32134
기초주거급여,"2024-12",세종특별자치시,8634,5688
기초주거급여,"2024-12",경기도,478450,346745
기초주거급여,"2024-12",충청북도,77232,56975
기초주거급여,"2024-12",충청남도,86876,64372
기초주거급여,"2024-12",전라남도,93906,69092
기초주거급여,"2024-12",경상북도,139052,103849
기초주거급여,"2024-12",경상남도,167220,122150
기초주거급여,"2024-12",제주특별자치도,34381,23352
기초주거급여,"2024-12",강원특별자치도,79435,59527
기초주거급여,"2024-12",전북특별자치도,122673,86178
기초교육급여,"2024-01",서울특별시,37123,26477
기초교육급여,"2024-01",부산광역시,22424,15704
기초교육급여,"2024-01",대구광역시,16645,11654
기초교육급여,"2024-01",인천광역시,22810,15402
기초교육급여,"2024-01",광주광역시,14011,9427
기초교육급여,"2024-01",대전광역시,10108,6923
기초교육급여,"2024-01",울산광역시,3020,2012
기초교육급여,"2024-01",세종특별자치시,1432,925
기초교육급여,"2024-01",경기도,59657,40411
기초교육급여,"2024-01",충청북도,10779,7178
기초교육급여,"2024-01",충청남도,12504,8253
기초교육급여,"2024-01",전라남도,14139,9376
기초교육급여,"2024-01",경상북도,17993,12171
기초교육급여,"2024-01",경상남도,25295,16808
기초교육급여,"2024-01",제주특별자치도,5936,3900
기초교육급여,"2024-01",강원특별자치도,9796,6726
기초교육급여,"2024-01",전북특별자치도,18402,11994
기초교육급여,"2024-02",서울특별시,37117,26460
기초교육급여,"2024-02",부산광역시,22429,15723
기초교육급여,"2024-02",대구광역시,16655,11659
기초교육급여,"2024-02",인천광역시,22837,15405
기초교육급여,"2024-02",광주광역시,14025,9430
기초교육급여,"2024-02",대전광역시,10076,6893
기초교육급여,"2024-02",울산광역시,3014,2015
기초교육급여,"2024-02",세종특별자치시,1439,927
기초교육급여,"2024-02",경기도,59616,40397
기초교육급여,"2024-02",충청북도,10762,7166
기초교육급여,"2024-02",충청남도,12495,8246
기초교육급여,"2024-02",전라남도,14115,9357
기초교육급여,"2024-02",경상북도,18040,12190
기초교육급여,"2024-02",경상남도,25266,16783
기초교육급여,"2024-02",제주특별자치도,5929,3898
기초교육급여,"2024-02",강원특별자치도,9798,6730
기초교육급여,"2024-02",전북특별자치도,18447,12026
기초교육급여,"2024-03",서울특별시,33457,24103
기초교육급여,"2024-03",부산광역시,20425,14454
기초교육급여,"2024-03",대구광역시,15373,10823
기초교육급여,"2024-03",인천광역시,21528,14690
기초교육급여,"2024-03",광주광역시,12803,8742
기초교육급여,"2024-03",대전광역시,9346,6462
기초교육급여,"2024-03",울산광역시,2770,1869
기초교육급여,"2024-03",세종특별자치시,1320,862
기초교육급여,"2024-03",경기도,54902,37677
기초교육급여,"2024-03",충청북도,9965,6753
기초교육급여,"2024-03",충청남도,11422,7660
기초교육급여,"2024-03",전라남도,12980,8709
기초교육급여,"2024-03",경상북도,16716,11444
기초교육급여,"2024-03",경상남도,23343,15781
기초교육급여,"2024-03",제주특별자치도,5528,3673
기초교육급여,"2024-03",강원특별자치도,8996,6269
기초교육급여,"2024-03",전북특별자치도,17019,11292
기초교육급여,"2024-04",서울특별시,34081,24467
기초교육급여,"2024-04",부산광역시,21158,14883
기초교육급여,"2024-04",대구광역시,16001,11221
기초교육급여,"2024-04",인천광역시,22207,15066
기초교육급여,"2024-04",광주광역시,13515,9154
기초교육급여,"2024-04",대전광역시,9500,6536
기초교육급여,"2024-04",울산광역시,2820,1895
기초교육급여,"2024-04",세종특별자치시,1358,883
기초교육급여,"2024-04",경기도,56276,38503
기초교육급여,"2024-04",충청북도,10236,6910
기초교육급여,"2024-04",충청남도,11746,7867
기초교육급여,"2024-04",전라남도,13530,9003
기초교육급여,"2024-04",경상북도,17595,11940
기초교육급여,"2024-04",경상남도,24103,16199
기초교육급여,"2024-04",제주특별자치도,5711,3785
기초교육급여,"2024-04",강원특별자치도,9134,6338
기초교육급여,"2024-04",전북특별자치도,17466,11527
기초교육급여,"2024-05",서울특별시,34998,25068
기초교육급여,"2024-05",부산광역시,22023,15408
기초교육급여,"2024-05",대구광역시,16571,11573
기초교육급여,"2024-05",인천광역시,22859,15488
기초교육급여,"2024-05",광주광역시,13769,9282
기초교육급여,"2024-05",대전광역시,9760,6697
기초교육급여,"2024-05",울산광역시,2981,1983
기초교육급여,"2024-05",세종특별자치시,1456,939
기초교육급여,"2024-05",경기도,58546,39830
기초교육급여,"2024-05",충청북도,10697,7161
기초교육급여,"2024-05",충청남도,12292,8154
기초교육급여,"2024-05",전라남도,14033,9294
기초교육급여,"2024-05",경상북도,18087,12242
기초교육급여,"2024-05",경상남도,25215,16823
기초교육급여,"2024-05",제주특별자치도,5970,3945
기초교육급여,"2024-05",강원특별자치도,9609,6614
기초교육급여,"2024-05",전북특별자치도,18023,11838
기초교육급여,"2024-06",서울특별시,35513,25386
기초교육급여,"2024-06",부산광역시,22265,15557
기초교육급여,"2024-06",대구광역시,16731,11677
기초교육급여,"2024-06",인천광역시,23163,15672
기초교육급여,"2024-06",광주광역시,13883,9349
기초교육급여,"2024-06",대전광역시,9917,6814
기초교육급여,"2024-06",울산광역시,3054,2015
기초교육급여,"2024-06",세종특별자치시,1481,955
기초교육급여,"2024-06",경기도,59551,40396
기초교육급여,"2024-06",충청북도,10757,7197
기초교육급여,"2024-06",충청남도,12461,8253
기초교육급여,"2024-06",전라남도,14176,9373
기초교육급여,"2024-06",경상북도,18207,12319
기초교육급여,"2024-06",경상남도,25509,16990
기초교육급여,"2024-06",제주특별자치도,6083,4013
기초교육급여,"2024-06",강원특별자치도,9647,6608
기초교육급여,"2024-06",전북특별자치도,18290,11984
기초교육급여,"2024-07",서울특별시,35636,25479
기초교육급여,"2024-07",부산광역시,22398,15627
기초교육급여,"2024-07",대구광역시,16805,11722
기초교육급여,"2024-07",인천광역시,23171,15682
기초교육급여,"2024-07",광주광역시,13858,9345
기초교육급여,"2024-07",대전광역시,9944,6820
기초교육급여,"2024-07",울산광역시,3066,2025
기초교육급여,"2024-07",세종특별자치시,1476,950
기초교육급여,"2024-07",경기도,59898,40606
기초교육급여,"2024-07",충청북도,10810,7228
기초교육급여,"2024-07",충청남도,12531,8290
기초교육급여,"2024-07",전라남도,14230,9401
기초교육급여,"2024-07",경상북도,18200,12334
기초교육급여,"2024-07",경상남도,25607,17045
기초교육급여,"2024-07",제주특별자치도,6087,4014
기초교육급여,"2024-07",강원특별자치도,9661,6602
기초교육급여,"2024-07",전북특별자치도,18305,11994
기초교육급여,"2024-08",서울특별시,35748,25555
기초교육급여,"2024-08",부산광역시,22451,15660
기초교육급여,"2024-08",대구광역시,16882,11786
기초교육급여,"2024-08",인천광역시,22866,15514
기초교육급여,"2024-08",광주광역시,13898,9369
기초교육급여,"2024-08",대전광역시,9979,6840
기초교육급여,"2024-08",울산광역시,3106,2056
기초교육급여,"2024-08",세종특별자치시,1509,972
기초교육급여,"2024-08",경기도,60194,40810
기초교육급여,"2024-08",충청북도,10830,7237
기초교육급여,"2024-08",충청남도,12679,8395
기초교육급여,"2024-08",전라남도,14302,9434
기초교육급여,"2024-08",경상북도,18239,12354
기초교육급여,"2024-08",경상남도,25711,17107
기초교육급여,"2024-08",제주특별자치도,6106,4029
기초교육급여,"2024-08",강원특별자치도,9723,6635
기초교육급여,"2024-08",전북특별자치도,18329,12011
기초교육급여,"2024-09",서울특별시,35803,25588
기초교육급여,"2024-09",부산광역시,22470,15668
기초교육급여,"2024-09",대구광역시,16924,11811
기초교육급여,"2024-09",인천광역시,22913,15550
기초교육급여,"2024-09",광주광역시,13921,9376
기초교육급여,"2024-09",대전광역시,10052,6894
기초교육급여,"2024-09",울산광역시,3119,2062
기초교육급여,"2024-09",세종특별자치시,1513,977
기초교육급여,"2024-09",경기도,60494,40980
기초교육급여,"2024-09",충청북도,10869,7262
기초교육급여,"2024-09",충청남도,12781,8451
기초교육급여,"2024-09",전라남도,14363,9480
기초교육급여,"2024-09",경상북도,18248,12362
기초교육급여,"2024-09",경상남도,25741,17131
기초교육급여,"2024-09",제주특별자치도,6139,4052
기초교육급여,"2024-09",강원특별자치도,9717,6634
기초교육급여,"2024-09",전북특별자치도,18346,12027
기초교육급여,"2024-10",서울특별시,35826,25620
기초교육급여,"2024-10",부산광역시,22492,15686
기초교육급여,"2024-10",대구광역시,16952,11824
기초교육급여,"2024-10",인천광역시,22995,15611
기초교육급여,"2024-10",광주광역시,13957,9403
기초교육급여,"2024-10",대전광역시,10066,6911
기초교육급여,"2024-10",울산광역시,3132,2063
기초교육급여,"2024-10",세종특별자치시,1518,984
기초교육급여,"2024-10",경기도,60711,41096
기초교육급여,"2024-10",충청북도,10930,7304
기초교육급여,"2024-10",충청남도,12850,8483
기초교육급여,"2024-10",전라남도,14350,9474
기초교육급여,"2024-10",경상북도,18240,12355
기초교육급여,"2024-10",경상남도,25735,17122
기초교육급여,"2024-10",제주특별자치도,6173,4075
기초교육급여,"2024-10",강원특별자치도,9702,6630
기초교육급여,"2024-10",전북특별자치도,18382,12051
기초교육급여,"2024-11",서울특별시,35922,25689
기초교육급여,"2024-11",부산광역시,22478,15670
기초교육급여,"2024-11",대구광역시,17023,11870
기초교육급여,"2024-11",인천광역시,22981,15609
기초교육급여,"2024-11",광주광역시,13963,9406
기초교육급여,"2024-11",대전광역시,10089,6937
기초교육급여,"2024-11",울산광역시,3169,2090
기초교육급여,"2024-11",세종특별자치시,1547,995
기초교육급여,"2024-11",경기도,60838,41201
기초교육급여,"2024-11",충청북도,10968,7334
기초교육급여,"2024-11",충청남도,12930,8534
기초교육급여,"2024-11",전라남도,14353,9455
기초교육급여,"2024-11",경상북도,18248,12367
기초교육급여,"2024-11",경상남도,25657,17071
기초교육급여,"2024-11",제주특별자치도,6172,4076
기초교육급여,"2024-11",강원특별자치도,9735,6641
기초교육급여,"2024-11",전북특별자치도,18341,12025
기초교육급여,"2024-12",서울특별시,35866,25652
기초교육급여,"2024-12",부산광역시,22442,15663
기초교육급여,"2024-12",대구광역시,16969,11837
기초교육급여,"2024-12",인천광역시,22981,15621
기초교육급여,"2024-12",광주광역시,13950,9394
기초교육급여,"2024-12",대전광역시,10086,6939
기초교육급여,"2024-12",울산광역시,3179,2098
기초교육급여,"2024-12",세종특별자치시,1565,1003
기초교육급여,"2024-12",경기도,60927,41215
기초교육급여,"2024-12",충청북도,10922,7310
기초교육급여,"2024-12",충청남도,12956,8557
기초교육급여,"2024-12",전라남도,14385,9474
기초교육급여,"2024-12",경상북도,18289,12396
기초교육급여,"2024-12",경상남도,25622,17051
기초교육급여,"2024-12",제주특별자치도,6153,4069
기초교육급여,"2024-12",강원특별자치도,9705,6620
기초교육급여,"2024-12",전북특별자치도,18303,12008
차상위장애인,"2024-01",서울특별시,19729,19005
차상위장애인,"2024-01",부산광역시,9705,9373
차상위장애인,"2024-01",대구광역시,7156,6912
차상위장애인,"2024-01",인천광역시,8136,7795
차상위장애인,"2024-01",광주광역시,4376,4212
차상위장애인,"2024-01",대전광역시,3702,3548
차상위장애인,"2024-01",울산광역시,2523,2433
차상위장애인,"2024-01",세종특별자치시,516,501
차상위장애인,"2024-01",경기도,27488,26411
차상위장애인,"2024-01",충청북도,5119,4917
차상위장애인,"2024-01",충청남도,6165,5872
차상위장애인,"2024-01",전라남도,10138,9745
차상위장애인,"2024-01",경상북도,10739,10324
차상위장애인,"2024-01",경상남도,10505,10132
차상위장애인,"2024-01",제주특별자치도,1705,1625
차상위장애인,"2024-01",강원특별자치도,6194,5940
차상위장애인,"2024-01",전북특별자치도,9099,8738
차상위장애인,"2024-02",서울특별시,19707,18987
차상위장애인,"2024-02",부산광역시,9683,9349
차상위장애인,"2024-02",대구광역시,7152,6903
차상위장애인,"2024-02",인천광역시,8193,7847
차상위장애인,"2024-02",광주광역시,4374,4207
차상위장애인,"2024-02",대전광역시,3691,3539
차상위장애인,"2024-02",울산광역시,2517,2429
차상위장애인,"2024-02",세종특별자치시,522,507
차상위장애인,"2024-02",경기도,27443,26381
차상위장애인,"2024-02",충청북도,5130,4926
차상위장애인,"2024-02",충청남도,6158,5869
차상위장애인,"2024-02",전라남도,10121,9725
차상위장애인,"2024-02",경상북도,10767,10352
차상위장애인,"2024-02",경상남도,10502,10130
차상위장애인,"2024-02",제주특별자치도,1707,1627
차상위장애인,"2024-02",강원특별자치도,6198,5941
차상위장애인,"2024-02",전북특별자치도,9088,8725
차상위장애인,"2024-03",서울특별시,19746,19018
차상위장애인,"2024-03",부산광역시,9653,9320
차상위장애인,"2024-03",대구광역시,7129,6882
차상위장애인,"2024-03",인천광역시,8221,7875
차상위장애인,"2024-03",광주광역시,4365,4197
차상위장애인,"2024-03",대전광역시,3685,3534
차상위장애인,"2024-03",울산광역시,2528,2439
차상위장애인,"2024-03",세종특별자치시,520,507
차상위장애인,"2024-03",경기도,27500,26426
차상위장애인,"2024-03",충청북도,5146,4937
차상위장애인,"2024-03",충청남도,6155,5870
차상위장애인,"2024-03",전라남도,10136,9742
차상위장애인,"2024-03",경상북도,10762,10354
차상위장애인,"2024-03",경상남도,10526,10152
차상위장애인,"2024-03",제주특별자치도,1697,1619
차상위장애인,"2024-03",강원특별자치도,6210,5952
차상위장애인,"2024-03",전북특별자치도,9099,8737
차상위장애인,"2024-04",서울특별시,19698,18974
차상위장애인,"2024-04",부산광역시,9642,9306
차상위장애인,"2024-04",대구광역시,7115,6872
차상위장애인,"2024-04",인천광역시,8191,7846
차상위장애인,"2024-04",광주광역시,4345,4178
차상위장애인,"2024-04",대전광역시,3682,3533
차상위장애인,"2024-04",울산광역시,2533,2444
차상위장애인,"2024-04",세종특별자치시,526,513
차상위장애인,"2024-04",경기도,27554,26479
차상위장애인,"2024-04",충청북도,5145,4933
차상위장애인,"2024-04",충청남도,6146,5862
차상위장애인,"2024-04",전라남도,10121,9730
차상위장애인,"2024-04",경상북도,10801,10399
차상위장애인,"2024-04",경상남도,10542,10163
차상위장애인,"2024-04",제주특별자치도,1688,1610
차상위장애인,"2024-04",강원특별자치도,6167,5916
차상위장애인,"2024-04",전북특별자치도,9094,8736
차상위장애인,"2024-05",서울특별시,19691,18971
차상위장애인,"2024-05",부산광역시,9642,9307
차상위장애인,"2024-05",대구광역시,7145,6896
차상위장애인,"2024-05",인천광역시,8177,7833
차상위장애인,"2024-05",광주광역시,4358,4193
차상위장애인,"2024-05",대전광역시,3683,3535
차상위장애인,"2024-05",울산광역시,2533,2444
차상위장애인,"2024-05",세종특별자치시,531,518
차상위장애인,"2024-05",경기도,27596,26532
차상위장애인,"2024-05",충청북도,5131,4922
차상위장애인,"2024-05",충청남도,6158,5869
차상위장애인,"2024-05",전라남도,10088,9698
차상위장애인,"2024-05",경상북도,10800,10391
차상위장애인,"2024-05",경상남도,10560,10182
차상위장애인,"2024-05",제주특별자치도,1686,1609
차상위장애인,"2024-05",강원특별자치도,6193,5941
차상위장애인,"2024-05",전북특별자치도,9059,8709
차상위장애인,"2024-06",서울특별시,19679,18961
차상위장애인,"2024-06",부산광역시,9654,9320
차상위장애인,"2024-06",대구광역시,7162,6911
차상위장애인,"2024-06",인천광역시,8196,7851
차상위장애인,"2024-06",광주광역시,4345,4182
차상위장애인,"2024-06",대전광역시,3675,3529
차상위장애인,"2024-06",울산광역시,2534,2446
차상위장애인,"2024-06",세종특별자치시,538,524
차상위장애인,"2024-06",경기도,27657,26596
차상위장애인,"2024-06",충청북도,5131,4921
차상위장애인,"2024-06",충청남도,6154,5867
차상위장애인,"2024-06",전라남도,10090,9701
차상위장애인,"2024-06",경상북도,10838,10432
차상위장애인,"2024-06",경상남도,10587,10204
차상위장애인,"2024-06",제주특별자치도,1693,1615
차상위장애인,"2024-06",강원특별자치도,6154,5904
차상위장애인,"2024-06",전북특별자치도,9064,8717
차상위장애인,"2024-07",서울특별시,19665,18940
차상위장애인,"2024-07",부산광역시,9641,9306
차상위장애인,"2024-07",대구광역시,7153,6904
차상위장애인,"2024-07",인천광역시,8197,7850
차상위장애인,"2024-07",광주광역시,4329,4169
차상위장애인,"2024-07",대전광역시,3666,3520
차상위장애인,"2024-07",울산광역시,2516,2431
차상위장애인,"2024-07",세종특별자치시,540,527
차상위장애인,"2024-07",경기도,27622,26568
차상위장애인,"2024-07",충청북도,5117,4910
차상위장애인,"2024-07",충청남도,6134,5849
차상위장애인,"2024-07",전라남도,10050,9661
차상위장애인,"2024-07",경상북도,10809,10411
차상위장애인,"2024-07",경상남도,10583,10208
차상위장애인,"2024-07",제주특별자치도,1684,1605
차상위장애인,"2024-07",강원특별자치도,6150,5900
차상위장애인,"2024-07",전북특별자치도,9054,8704
차상위장애인,"2024-08",서울특별시,19649,18929
차상위장애인,"2024-08",부산광역시,9623,9286
차상위장애인,"2024-08",대구광역시,7157,6911
차상위장애인,"2024-08",인천광역시,8195,7847
차상위장애인,"2024-08",광주광역시,4335,4176
차상위장애인,"2024-08",대전광역시,3662,3517
차상위장애인,"2024-08",울산광역시,2509,2426
차상위장애인,"2024-08",세종특별자치시,538,524
차상위장애인,"2024-08",경기도,27642,26592
차상위장애인,"2024-08",충청북도,5104,4897
차상위장애인,"2024-08",충청남도,6151,5865
차상위장애인,"2024-08",전라남도,10045,9652
차상위장애인,"2024-08",경상북도,10795,10399
차상위장애인,"2024-08",경상남도,10580,10208
차상위장애인,"2024-08",제주특별자치도,1683,1606
차상위장애인,"2024-08",강원특별자치도,6159,5908
차상위장애인,"2024-08",전북특별자치도,9036,8686
차상위장애인,"2024-09",서울특별시,19615,18897
차상위장애인,"2024-09",부산광역시,9635,9294
차상위장애인,"2024-09",대구광역시,7143,6894
차상위장애인,"2024-09",인천광역시,8196,7850
차상위장애인,"2024-09",광주광역시,4338,4182
차상위장애인,"2024-09",대전광역시,3662,3516
차상위장애인,"2024-09",울산광역시,2510,2427
차상위장애인,"2024-09",세종특별자치시,536,522
차상위장애인,"2024-09",경기도,27663,26614
차상위장애인,"2024-09",충청북도,5116,4908
차상위장애인,"2024-09",충청남도,6161,5876
차상위장애인,"2024-09",전라남도,10046,9659
차상위장애인,"2024-09",경상북도,10802,10408
차상위장애인,"2024-09",경상남도,10588,10212
차상위장애인,"2024-09",제주특별자치도,1691,1614
차상위장애인,"2024-09",강원특별자치도,6147,5899
차상위장애인,"2024-09",전북특별자치도,9017,8666
차상위장애인,"2024-10",서울특별시,19602,18893
차상위장애인,"2024-10",부산광역시,9640,9300
차상위장애인,"2024-10",대구광역시,7138,6887
차상위장애인,"2024-10",인천광역시,8130,7785
차상위장애인,"2024-10",광주광역시,4357,4199
차상위장애인,"2024-10",대전광역시,3664,3520
차상위장애인,"2024-10",울산광역시,2495,2412
차상위장애인,"2024-10",세종특별자치시,541,527
차상위장애인,"2024-10",경기도,27712,26661
차상위장애인,"2024-10",충청북도,5073,4869
차상위장애인,"2024-10",충청남도,6180,5898
차상위장애인,"2024-10",전라남도,9968,9591
차상위장애인,"2024-10",경상북도,10771,10373
차상위장애인,"2024-10",경상남도,10541,10172
차상위장애인,"2024-10",제주특별자치도,1687,1612
차상위장애인,"2024-10",강원특별자치도,6116,5869
차상위장애인,"2024-10",전북특별자치도,9012,8652
차상위장애인,"2024-11",서울특별시,19598,18901
차상위장애인,"2024-11",부산광역시,9703,9356
차상위장애인,"2024-11",대구광역시,7155,6910
차상위장애인,"2024-11",인천광역시,8107,7764
차상위장애인,"2024-11",광주광역시,4364,4209
차상위장애인,"2024-11",대전광역시,3637,3496
차상위장애인,"2024-11",울산광역시,2508,2426
차상위장애인,"2024-11",세종특별자치시,543,529
차상위장애인,"2024-11",경기도,27760,26710
차상위장애인,"2024-11",충청북도,5080,4870
차상위장애인,"2024-11",충청남도,6141,5864
차상위장애인,"2024-11",전라남도,9932,9556
차상위장애인,"2024-11",경상북도,10758,10361
차상위장애인,"2024-11",경상남도,10582,10210
차상위장애인,"2024-11",제주특별자치도,1687,1615
차상위장애인,"2024-11",강원특별자치도,6094,5851
차상위장애인,"2024-11",전북특별자치도,9002,8640
차상위장애인,"2024-12",서울특별시,19628,18933
차상위장애인,"2024-12",부산광역시,9743,9399
차상위장애인,"2024-12",대구광역시,7155,6911
차상위장애인,"2024-12",인천광역시,8130,7781
차상위장애인,"2024-12",광주광역시,4363,4210
차상위장애인,"2024-12",대전광역시,3656,3516
차상위장애인,"2024-12",울산광역시,2523,2440
차상위장애인,"2024-12",세종특별자치시,552,537
차상위장애인,"2024-12",경기도,27871,26815
차상위장애인,"2024-12",충청북도,5070,4863
차상위장애인,"2024-12",충청남도,6155,5879
차상위장애인,"2024-12",전라남도,9920,9537
차상위장애인,"2024-12",경상북도,10792,10399
차상위장애인,"2024-12",경상남도,10597,10222
차상위장애인,"2024-12",제주특별자치도,1677,1608
차상위장애인,"2024-12",강원특별자치도,6078,5838
차상위장애인,"2024-12",전북특별자치도,9010,8651
차상위자활,"2024-01",서울특별시,842,808
차상위자활,"2024-01",부산광역시,557,539
차상위자활,"2024-01",대구광역시,452,436
차상위자활,"2024-01",인천광역시,361,346
차상위자활,"2024-01",광주광역시,376,362
차상위자활,"2024-01",대전광역시,442,425
차상위자활,"2024-01",울산광역시,314,301
차상위자활,"2024-01",세종특별자치시,33,32
차상위자활,"2024-01",경기도,1231,1197
차상위자활,"2024-01",충청북도,325,310
차상위자활,"2024-01",충청남도,422,403
차상위자활,"2024-01",전라남도,1152,1094
차상위자활,"2024-01",경상북도,683,656
차상위자활,"2024-01",경상남도,1080,1046
차상위자활,"2024-01",제주특별자치도,34,34
차상위자활,"2024-01",강원특별자치도,702,671
차상위자활,"2024-01",전북특별자치도,659,627
차상위자활,"2024-02",서울특별시,833,799
차상위자활,"2024-02",부산광역시,557,537
차상위자활,"2024-02",대구광역시,453,436
차상위자활,"2024-02",인천광역시,351,337
차상위자활,"2024-02",광주광역시,382,364
차상위자활,"2024-02",대전광역시,443,427
차상위자활,"2024-02",울산광역시,314,301
차상위자활,"2024-02",세종특별자치시,34,33
차상위자활,"2024-02",경기도,1234,1198
차상위자활,"2024-02",충청북도,329,313
차상위자활,"2024-02",충청남도,432,413
차상위자활,"2024-02",전라남도,1148,1091
차상위자활,"2024-02",경상북도,684,658
차상위자활,"2024-02",경상남도,1080,1047
차상위자활,"2024-02",제주특별자치도,32,32
차상위자활,"2024-02",강원특별자치도,712,682
차상위자활,"2024-02",전북특별자치도,653,624
차상위자활,"2024-03",서울특별시,823,791
차상위자활,"2024-03",부산광역시,548,530
차상위자활,"2024-03",대구광역시,458,441
차상위자활,"2024-03",인천광역시,354,339
차상위자활,"2024-03",광주광역시,379,363
차상위자활,"2024-03",대전광역시,439,423
차상위자활,"2024-03",울산광역시,311,298
차상위자활,"2024-03",세종특별자치시,35,34
차상위자활,"2024-03",경기도,1227,1192
차상위자활,"2024-03",충청북도,334,318
차상위자활,"2024-03",충청남도,425,405
차상위자활,"2024-03",전라남도,1169,1108
차상위자활,"2024-03",경상북도,685,657
차상위자활,"2024-03",경상남도,1061,1027
차상위자활,"2024-03",제주특별자치도,31,31
차상위자활,"2024-03",강원특별자치도,711,682
차상위자활,"2024-03",전북특별자치도,648,619
차상위자활,"2024-04",서울특별시,816,785
차상위자활,"2024-04",부산광역시,541,522
차상위자활,"2024-04",대구광역시,461,442
차상위자활,"2024-04",인천광역시,346,331
차상위자활,"2024-04",광주광역시,375,357
차상위자활,"2024-04",대전광역시,443,426
차상위자활,"2024-04",울산광역시,307,293
차상위자활,"2024-04",세종특별자치시,26,26
차상위자활,"2024-04",경기도,1231,1195
차상위자활,"2024-04",충청북도,335,319
차상위자활,"2024-04",충청남도,416,395
차상위자활,"2024-04",전라남도,1178,1119
차상위자활,"2024-04",경상북도,691,664
차상위자활,"2024-04",경상남도,1034,999
차상위자활,"2024-04",제주특별자치도,32,32
차상위자활,"2024-04",강원특별자치도,721,693
차상위자활,"2024-04",전북특별자치도,653,622
차상위자활,"2024-05",서울특별시,809,777
차상위자활,"2024-05",부산광역시,528,507
차상위자활,"2024-05",대구광역시,462,444
차상위자활,"2024-05",인천광역시,343,328
차상위자활,"2024-05",광주광역시,378,361
차상위자활,"2024-05",대전광역시,434,416
차상위자활,"2024-05",울산광역시,308,294
차상위자활,"2024-05",세종특별자치시,28,27
차상위자활,"2024-05",경기도,1202,1166
차상위자활,"2024-05",충청북도,333,317
차상위자활,"2024-05",충청남도,415,395
차상위자활,"2024-05",전라남도,1174,1115
차상위자활,"2024-05",경상북도,672,645
차상위자활,"2024-05",경상남도,1020,986
차상위자활,"2024-05",제주특별자치도,33,33
차상위자활,"2024-05",강원특별자치도,732,701
차상위자활,"2024-05",전북특별자치도,649,617
차상위자활,"2024-06",서울특별시,795,762
차상위자활,"2024-06",부산광역시,521,501
차상위자활,"2024-06",대구광역시,457,438
차상위자활,"2024-06",인천광역시,336,321
차상위자활,"2024-06",광주광역시,373,354
차상위자활,"2024-06",대전광역시,389,373
차상위자활,"2024-06",울산광역시,301,287
차상위자활,"2024-06",세종특별자치시,31,30
차상위자활,"2024-06",경기도,1168,1133
차상위자활,"2024-06",충청북도,326,310
차상위자활,"2024-06",충청남도,396,378
차상위자활,"2024-06",전라남도,1137,1081
차상위자활,"2024-06",경상북도,672,643
차상위자활,"2024-06",경상남도,981,952
차상위자활,"2024-06",제주특별자치도,30,30
차상위자활,"2024-06",강원특별자치도,717,686
차상위자활,"2024-06",전북특별자치도,639,608
차상위자활,"2024-07",서울특별시,792,759
차상위자활,"2024-07",부산광역시,512,492
차상위자활,"2024-07",대구광역시,445,426
차상위자활,"2024-07",인천광역시,329,314
차상위자활,"2024-07",광주광역시,337,323
차상위자활,"2024-07",대전광역시,374,358
차상위자활,"2024-07",울산광역시,297,283
차상위자활,"2024-07",세종특별자치시,27,26
차상위자활,"2024-07",경기도,1162,1130
차상위자활,"2024-07",충청북도,332,316
차상위자활,"2024-07",충청남도,392,373
차상위자활,"2024-07",전라남도,1119,1064
차상위자활,"2024-07",경상북도,670,642
차상위자활,"2024-07",경상남도,990,962
차상위자활,"2024-07",제주특별자치도,27,27
차상위자활,"2024-07",강원특별자치도,704,674
차상위자활,"2024-07",전북특별자치도,628,597
차상위자활,"2024-08",서울특별시,805,772
차상위자활,"2024-08",부산광역시,518,497
차상위자활,"2024-08",대구광역시,440,420
차상위자활,"2024-08",인천광역시,323,307
차상위자활,"2024-08",광주광역시,325,313
차상위자활,"2024-08",대전광역시,373,357
차상위자활,"2024-08",울산광역시,297,283
차상위자활,"2024-08",세종특별자치시,29,28
차상위자활,"2024-08",경기도,1173,1139
차상위자활,"2024-08",충청북도,333,317
차상위자활,"2024-08",충청남도,394,375
차상위자활,"2024-08",전라남도,1118,1062
차상위자활,"2024-08",경상북도,667,639
차상위자활,"2024-08",경상남도,991,964
차상위자활,"2024-08",제주특별자치도,26,26
차상위자활,"2024-08",강원특별자치도,693,665
차상위자활,"2024-08",전북특별자치도,618,588
차상위자활,"2024-09",서울특별시,806,772
차상위자활,"2024-09",부산광역시,528,505
차상위자활,"2024-09",대구광역시,443,422
차상위자활,"2024-09",인천광역시,320,304
차상위자활,"2024-09",광주광역시,322,310
차상위자활,"2024-09",대전광역시,371,356
차상위자활,"2024-09",울산광역시,284,271
차상위자활,"2024-09",세종특별자치시,30,29
차상위자활,"2024-09",경기도,1178,1140
차상위자활,"2024-09",충청북도,335,319
차상위자활,"2024-09",충청남도,395,377
차상위자활,"2024-09",전라남도,1114,1055
차상위자활,"2024-09",경상북도,654,625
차상위자활,"2024-09",경상남도,996,970
차상위자활,"2024-09",제주특별자치도,25,25
차상위자활,"2024-09",강원특별자치도,680,654
차상위자활,"2024-09",전북특별자치도,614,585
차상위자활,"2024-10",서울특별시,807,775
차상위자활,"2024-10",부산광역시,534,511
차상위자활,"2024-10",대구광역시,444,423
차상위자활,"2024-10",인천광역시,313,297
차상위자활,"2024-10",광주광역시,322,310
차상위자활,"2024-10",대전광역시,378,363
차상위자활,"2024-10",울산광역시,278,264
차상위자활,"2024-10",세종특별자치시,30,29
차상위자활,"2024-10",경기도,1176,1136
차상위자활,"2024-10",충청북도,338,323
차상위자활,"2024-10",충청남도,396,377
차상위자활,"2024-10",전라남도,1106,1047
차상위자활,"2024-10",경상북도,654,624
차상위자활,"2024-10",경상남도,991,964
차상위자활,"2024-10",제주특별자치도,25,25
차상위자활,"2024-10",강원특별자치도,678,652
차상위자활,"2024-10",전북특별자치도,617,590
차상위자활,"2024-11",서울특별시,809,777
차상위자활,"2024-11",부산광역시,530,508
차상위자활,"2024-11",대구광역시,439,418
차상위자활,"2024-11",인천광역시,315,301
차상위자활,"2024-11",광주광역시,320,308
차상위자활,"2024-11",대전광역시,377,363
차상위자활,"2024-11",울산광역시,278,264
차상위자활,"2024-11",세종특별자치시,32,31
차상위자활,"2024-11",경기도,1177,1134
차상위자활,"2024-11",충청북도,335,320
차상위자활,"2024-11",충청남도,388,370
차상위자활,"2024-11",전라남도,1098,1040
차상위자활,"2024-11",경상북도,656,625
차상위자활,"2024-11",경상남도,987,961
차상위자활,"2024-11",제주특별자치도,26,26
차상위자활,"2024-11",강원특별자치도,669,645
차상위자활,"2024-11",전북특별자치도,613,586
차상위자활,"2024-12",서울특별시,805,773
차상위자활,"2024-12",부산광역시,528,508
차상위자활,"2024-12",대구광역시,443,419
차상위자활,"2024-12",인천광역시,312,298
차상위자활,"2024-12",광주광역시,290,279
차상위자활,"2024-12",대전광역시,371,357
차상위자활,"2024-12",울산광역시,277,263
차상위자활,"2024-12",세종특별자치시,32,31
차상위자활,"2024-12",경기도,1167,1124
차상위자활,"2024-12",충청북도,339,324
차상위자활,"2024-12",충청남도,378,358
차상위자활,"2024-12",전라남도,1093,1031
차상위자활,"2024-12",경상북도,659,627
차상위자활,"2024-12",경상남도,997,967
차상위자활,"2024-12",제주특별자치도,24,24
차상위자활,"2024-12",강원특별자치도,651,627
차상위자활,"2024-12",전북특별자치도,608,579
차상위본인부담경감대상자,"2024-01",서울특별시,44081,34317
차상위본인부담경감대상자,"2024-01",부산광역시,23772,18792
차상위본인부담경감대상자,"2024-01",대구광역시,18877,14215
차상위본인부담경감대상자,"2024-01",인천광역시,17164,12723
차상위본인부담경감대상자,"2024-01",광주광역시,11343,8135
차상위본인부담경감대상자,"2024-01",대전광역시,8757,6425
차상위본인부담경감대상자,"2024-01",울산광역시,4352,3280
차상위본인부담경감대상자,"2024-01",세종특별자치시,885,640
차상위본인부담경감대상자,"2024-01",경기도,50434,37749
차상위본인부담경감대상자,"2024-01",충청북도,8190,6147
차상위본인부담경감대상자,"2024-01",충청남도,7872,6084
차상위본인부담경감대상자,"2024-01",전라남도,16218,12647
차상위본인부담경감대상자,"2024-01",경상북도,16152,12645
차상위본인부담경감대상자,"2024-01",경상남도,19533,14783
차상위본인부담경감대상자,"2024-01",제주특별자치도,4741,3370
차상위본인부담경감대상자,"2024-01",강원특별자치도,10321,8112
차상위본인부담경감대상자,"2024-01",전북특별자치도,21614,16233
차상위본인부담경감대상자,"2024-02",서울특별시,44104,34356
차상위본인부담경감대상자,"2024-02",부산광역시,23821,18806
차상위본인부담경감대상자,"2024-02",대구광역시,18786,14153
차상위본인부담경감대상자,"2024-02",인천광역시,17207,12743
차상위본인부담경감대상자,"2024-02",광주광역시,11193,8049
차상위본인부담경감대상자,"2024-02",대전광역시,8812,6456
차상위본인부담경감대상자,"2024-02",울산광역시,4373,3291
차상위본인부담경감대상자,"2024-02",세종특별자치시,886,643
차상위본인부담경감대상자,"2024-02",경기도,50717,37939
차상위본인부담경감대상자,"2024-02",충청북도,8217,6172
차상위본인부담경감대상자,"2024-02",충청남도,7921,6109
차상위본인부담경감대상자,"2024-02",전라남도,16002,12533
차상위본인부담경감대상자,"2024-02",경상북도,16208,12681
차상위본인부담경감대상자,"2024-02",경상남도,19581,14820
차상위본인부담경감대상자,"2024-02",제주특별자치도,4777,3399
차상위본인부담경감대상자,"2024-02",강원특별자치도,10341,8125
차상위본인부담경감대상자,"2024-02",전북특별자치도,21519,16210
차상위본인부담경감대상자,"2024-03",서울특별시,44037,34339
차상위본인부담경감대상자,"2024-03",부산광역시,23774,18793
차상위본인부담경감대상자,"2024-03",대구광역시,18833,14196
차상위본인부담경감대상자,"2024-03",인천광역시,17265,12797
차상위본인부담경감대상자,"2024-03",광주광역시,11122,8017
차상위본인부담경감대상자,"2024-03",대전광역시,8827,6473
차상위본인부담경감대상자,"2024-03",울산광역시,4398,3300
차상위본인부담경감대상자,"2024-03",세종특별자치시,897,646
차상위본인부담경감대상자,"2024-03",경기도,50954,38133
차상위본인부담경감대상자,"2024-03",충청북도,8245,6194
차상위본인부담경감대상자,"2024-03",충청남도,7895,6087
차상위본인부담경감대상자,"2024-03",전라남도,16016,12540
차상위본인부담경감대상자,"2024-03",경상북도,16148,12676
차상위본인부담경감대상자,"2024-03",경상남도,19665,14871
차상위본인부담경감대상자,"2024-03",제주특별자치도,4742,3380
차상위본인부담경감대상자,"2024-03",강원특별자치도,10390,8166
차상위본인부담경감대상자,"2024-03",전북특별자치도,21404,16136
차상위본인부담경감대상자,"2024-04",서울특별시,44176,34404
차상위본인부담경감대상자,"2024-04",부산광역시,23942,18907
차상위본인부담경감대상자,"2024-04",대구광역시,19147,14390
차상위본인부담경감대상자,"2024-04",인천광역시,17468,12914
차상위본인부담경감대상자,"2024-04",광주광역시,11237,8084
차상위본인부담경감대상자,"2024-04",대전광역시,8888,6527
차상위본인부담경감대상자,"2024-04",울산광역시,4462,3331
차상위본인부담경감대상자,"2024-04",세종특별자치시,920,659
차상위본인부담경감대상자,"2024-04",경기도,51384,38389
차상위본인부담경감대상자,"2024-04",충청북도,8347,6250
차상위본인부담경감대상자,"2024-04",충청남도,7939,6117
차상위본인부담경감대상자,"2024-04",전라남도,16027,12551
차상위본인부담경감대상자,"2024-04",경상북도,16295,12745
차상위본인부담경감대상자,"2024-04",경상남도,19805,14955
차상위본인부담경감대상자,"2024-04",제주특별자치도,4798,3408
차상위본인부담경감대상자,"2024-04",강원특별자치도,10470,8204
차상위본인부담경감대상자,"2024-04",전북특별자치도,21434,16165
차상위본인부담경감대상자,"2024-05",서울특별시,44485,34632
차상위본인부담경감대상자,"2024-05",부산광역시,24161,19060
차상위본인부담경감대상자,"2024-05",대구광역시,19295,14476
차상위본인부담경감대상자,"2024-05",인천광역시,17669,13069
차상위본인부담경감대상자,"2024-05",광주광역시,11298,8111
차상위본인부담경감대상자,"2024-05",대전광역시,8970,6586
차상위본인부담경감대상자,"2024-05",울산광역시,4507,3354
차상위본인부담경감대상자,"2024-05",세종특별자치시,945,671
차상위본인부담경감대상자,"2024-05",경기도,51978,38784
차상위본인부담경감대상자,"2024-05",충청북도,8420,6280
차상위본인부담경감대상자,"2024-05",충청남도,8009,6156
차상위본인부담경감대상자,"2024-05",전라남도,16108,12581
차상위본인부담경감대상자,"2024-05",경상북도,16415,12822
차상위본인부담경감대상자,"2024-05",경상남도,19943,15030
차상위본인부담경감대상자,"2024-05",제주특별자치도,4842,3429
차상위본인부담경감대상자,"2024-05",강원특별자치도,10578,8265
차상위본인부담경감대상자,"2024-05",전북특별자치도,21461,16173
차상위본인부담경감대상자,"2024-06",서울특별시,44546,34681
차상위본인부담경감대상자,"2024-06",부산광역시,24264,19128
차상위본인부담경감대상자,"2024-06",대구광역시,19316,14477
차상위본인부담경감대상자,"2024-06",인천광역시,17768,13167
차상위본인부담경감대상자,"2024-06",광주광역시,11296,8099
차상위본인부담경감대상자,"2024-06",대전광역시,8999,6608
차상위본인부담경감대상자,"2024-06",울산광역시,4511,3350
차상위본인부담경감대상자,"2024-06",세종특별자치시,944,667
차상위본인부담경감대상자,"2024-06",경기도,52152,38911
차상위본인부담경감대상자,"2024-06",충청북도,8449,6295
차상위본인부담경감대상자,"2024-06",충청남도,7988,6133
차상위본인부담경감대상자,"2024-06",전라남도,16074,12553
차상위본인부담경감대상자,"2024-06",경상북도,16411,12816
차상위본인부담경감대상자,"2024-06",경상남도,19944,15004
차상위본인부담경감대상자,"2024-06",제주특별자치도,4869,3446
차상위본인부담경감대상자,"2024-06",강원특별자치도,10549,8228
차상위본인부담경감대상자,"2024-06",전북특별자치도,21445,16132
차상위본인부담경감대상자,"2024-07",서울특별시,44634,34778
차상위본인부담경감대상자,"2024-07",부산광역시,24288,19146
차상위본인부담경감대상자,"2024-07",대구광역시,19383,14510
차상위본인부담경감대상자,"2024-07",인천광역시,17832,13185
차상위본인부담경감대상자,"2024-07",광주광역시,11259,8075
차상위본인부담경감대상자,"2024-07",대전광역시,9023,6619
차상위본인부담경감대상자,"2024-07",울산광역시,4510,3347
차상위본인부담경감대상자,"2024-07",세종특별자치시,935,663
차상위본인부담경감대상자,"2024-07",경기도,52229,38970
차상위본인부담경감대상자,"2024-07",충청북도,8433,6278
차상위본인부담경감대상자,"2024-07",충청남도,7987,6121
차상위본인부담경감대상자,"2024-07",전라남도,16048,12528
차상위본인부담경감대상자,"2024-07",경상북도,16409,12802
차상위본인부담경감대상자,"2024-07",경상남도,19987,15019
차상위본인부담경감대상자,"2024-07",제주특별자치도,4865,3441
차상위본인부담경감대상자,"2024-07",강원특별자치도,10520,8192
차상위본인부담경감대상자,"2024-07",전북특별자치도,21300,16050
차상위본인부담경감대상자,"2024-08",서울특별시,44725,34839
차상위본인부담경감대상자,"2024-08",부산광역시,24397,19217
차상위본인부담경감대상자,"2024-08",대구광역시,19371,14489
차상위본인부담경감대상자,"2024-08",인천광역시,17934,13267
차상위본인부담경감대상자,"2024-08",광주광역시,11229,8060
차상위본인부담경감대상자,"2024-08",대전광역시,9027,6630
차상위본인부담경감대상자,"2024-08",울산광역시,4516,3353
차상위본인부담경감대상자,"2024-08",세종특별자치시,957,669
차상위본인부담경감대상자,"2024-08",경기도,52587,39235
차상위본인부담경감대상자,"2024-08",충청북도,8475,6302
차상위본인부담경감대상자,"2024-08",충청남도,7998,6129
차상위본인부담경감대상자,"2024-08",전라남도,16009,12483
차상위본인부담경감대상자,"2024-08",경상북도,16377,12788
차상위본인부담경감대상자,"2024-08",경상남도,20051,15058
차상위본인부담경감대상자,"2024-08",제주특별자치도,4892,3448
차상위본인부담경감대상자,"2024-08",강원특별자치도,10545,8213
차상위본인부담경감대상자,"2024-08",전북특별자치도,21242,16008
차상위본인부담경감대상자,"2024-09",서울특별시,44807,34901
차상위본인부담경감대상자,"2024-09",부산광역시,24474,19269
차상위본인부담경감대상자,"2024-09",대구광역시,19418,14518
차상위본인부담경감대상자,"2024-09",인천광역시,18014,13330
차상위본인부담경감대상자,"2024-09",광주광역시,11259,8082
차상위본인부담경감대상자,"2024-09",대전광역시,9120,6688
차상위본인부담경감대상자,"2024-09",울산광역시,4532,3367
차상위본인부담경감대상자,"2024-09",세종특별자치시,950,664
차상위본인부담경감대상자,"2024-09",경기도,52813,39386
차상위본인부담경감대상자,"2024-09",충청북도,8492,6317
차상위본인부담경감대상자,"2024-09",충청남도,7984,6119
차상위본인부담경감대상자,"2024-09",전라남도,15989,12461
차상위본인부담경감대상자,"2024-09",경상북도,16367,12791
차상위본인부담경감대상자,"2024-09",경상남도,20033,15054
차상위본인부담경감대상자,"2024-09",제주특별자치도,4900,3448
차상위본인부담경감대상자,"2024-09",강원특별자치도,10562,8231
차상위본인부담경감대상자,"2024-09",전북특별자치도,21241,15992
차상위본인부담경감대상자,"2024-10",서울특별시,44915,35004
차상위본인부담경감대상자,"2024-10",부산광역시,24585,19374
차상위본인부담경감대상자,"2024-10",대구광역시,19501,14562
차상위본인부담경감대상자,"2024-10",인천광역시,18125,13396
차상위본인부담경감대상자,"2024-10",광주광역시,11287,8106
차상위본인부담경감대상자,"2024-10",대전광역시,9218,6760
차상위본인부담경감대상자,"2024-10",울산광역시,4538,3366
차상위본인부담경감대상자,"2024-10",세종특별자치시,985,684
차상위본인부담경감대상자,"2024-10",경기도,53121,39590
차상위본인부담경감대상자,"2024-10",충청북도,8521,6325
차상위본인부담경감대상자,"2024-10",충청남도,8007,6129
차상위본인부담경감대상자,"2024-10",전라남도,15998,12448
차상위본인부담경감대상자,"2024-10",경상북도,16340,12763
차상위본인부담경감대상자,"2024-10",경상남도,20100,15084
차상위본인부담경감대상자,"2024-10",제주특별자치도,4940,3472
차상위본인부담경감대상자,"2024-10",강원특별자치도,10557,8223
차상위본인부담경감대상자,"2024-10",전북특별자치도,21277,15998
차상위본인부담경감대상자,"2024-11",서울특별시,45133,35160
차상위본인부담경감대상자,"2024-11",부산광역시,24645,19424
차상위본인부담경감대상자,"2024-11",대구광역시,19499,14573
차상위본인부담경감대상자,"2024-11",인천광역시,18214,13466
차상위본인부담경감대상자,"2024-11",광주광역시,11322,8133
차상위본인부담경감대상자,"2024-11",대전광역시,9314,6815
차상위본인부담경감대상자,"2024-11",울산광역시,4581,3399
차상위본인부담경감대상자,"2024-11",세종특별자치시,995,689
차상위본인부담경감대상자,"2024-11",경기도,53460,39772
차상위본인부담경감대상자,"2024-11",충청북도,8563,6359
차상위본인부담경감대상자,"2024-11",충청남도,8009,6123
차상위본인부담경감대상자,"2024-11",전라남도,16003,12436
차상위본인부담경감대상자,"2024-11",경상북도,16368,12773
차상위본인부담경감대상자,"2024-11",경상남도,20117,15106
차상위본인부담경감대상자,"2024-11",제주특별자치도,4982,3502
차상위본인부담경감대상자,"2024-11",강원특별자치도,10583,8232
차상위본인부담경감대상자,"2024-11",전북특별자치도,21316,16028
차상위본인부담경감대상자,"2024-12",서울특별시,45192,35210
차상위본인부담경감대상자,"2024-12",부산광역시,24635,19415
차상위본인부담경감대상자,"2024-12",대구광역시,19467,14561
차상위본인부담경감대상자,"2024-12",인천광역시,18301,13519
차상위본인부담경감대상자,"2024-12",광주광역시,11303,8123
차상위본인부담경감대상자,"2024-12",대전광역시,9358,6839
차상위본인부담경감대상자,"2024-12",울산광역시,4578,3402
차상위본인부담경감대상자,"2024-12",세종특별자치시,1029,711
차상위본인부담경감대상자,"2024-12",경기도,53663,39910
차상위본인부담경감대상자,"2024-12",충청북도,8535,6331
차상위본인부담경감대상자,"2024-12",충청남도,7976,6097
차상위본인부담경감대상자,"2024-12",전라남도,15959,12399
차상위본인부담경감대상자,"2024-12",경상북도,16399,12783
차상위본인부담경감대상자,"2024-12",경상남도,20098,15092
차상위본인부담경감대상자,"2024-12",제주특별자치도,4970,3499
차상위본인부담경감대상자,"2024-12",강원특별자치도,10570,8209
차상위본인부담경감대상자,"2024-12",전북특별자치도,21292,16025
기초연금,"2024-01",서울특별시,948874,745374
기초연금,"2024-01",부산광역시,535638,415779
기초연금,"2024-01",대구광역시,327503,254966
기초연금,"2024-01",인천광역시,359214,282039
기초연금,"2024-01",광주광역시,155747,121925
기초연금,"2024-01",대전광역시,160256,125428
기초연금,"2024-01",울산광역시,115503,90191
기초연금,"2024-01",세종특별자치시,23495,18490
기초연금,"2024-01",경기도,1319456,1038570
기초연금,"2024-01",충청북도,237066,184433
기초연금,"2024-01",충청남도,330942,256143
기초연금,"2024-01",전라남도,373451,291439
기초연금,"2024-01",경상북도,476319,368982
기초연금,"2024-01",경상남도,491118,386154
기초연금,"2024-01",제주특별자치도,74031,59365
기초연금,"2024-01",강원특별자치도,253764,199492
기초연금,"2024-01",전북특별자치도,316980,247044
기초연금,"2024-02",서울특별시,954473,749476
기초연금,"2024-02",부산광역시,538620,417903
기초연금,"2024-02",대구광역시,329352,256344
기초연금,"2024-02",인천광역시,361632,283861
기초연금,"2024-02",광주광역시,156671,122593
기초연금,"2024-02",대전광역시,161077,126016
기초연금,"2024-02",울산광역시,116311,90786
기초연금,"2024-02",세종특별자치시,23692,18616
기초연금,"2024-02",경기도,1329668,1046041
기초연금,"2024-02",충청북도,238432,185438
기초연금,"2024-02",충청남도,332674,257399
기초연금,"2024-02",전라남도,374503,292136
기초연금,"2024-02",경상북도,478761,370722
기초연금,"2024-02",경상남도,493402,387847
기초연금,"2024-02",제주특별자치도,74764,59924
기초연금,"2024-02",강원특별자치도,255200,200498
기초연금,"2024-02",전북특별자치도,317882,247655
기초연금,"2024-03",서울특별시,959550,753024
기초연금,"2024-03",부산광역시,542906,420830
기초연금,"2024-03",대구광역시,331926,258132
기초연금,"2024-03",인천광역시,364470,285938
기초연금,"2024-03",광주광역시,157839,123407
기초연금,"2024-03",대전광역시,162105,126751
기초연금,"2024-03",울산광역시,117723,91758
기초연금,"2024-03",세종특별자치시,23868,18745
기초연금,"2024-03",경기도,1339908,1053464
기초연금,"2024-03",충청북도,240284,186775
기초연금,"2024-03",충청남도,335303,259209
기초연금,"2024-03",전라남도,376799,293665
기초연금,"2024-03",경상북도,482048,372969
기초연금,"2024-03",경상남도,497393,390638
기초연금,"2024-03",제주특별자치도,75409,60390
기초연금,"2024-03",강원특별자치도,257300,201988
기초연금,"2024-03",전북특별자치도,319326,248705
기초연금,"2024-04",서울특별시,965513,757371
기초연금,"2024-04",부산광역시,544394,421844
기초연금,"2024-04",대구광역시,333853,259452
기초연금,"2024-04",인천광역시,367319,288011
기초연금,"2024-04",광주광역시,158568,123936
기초연금,"2024-04",대전광역시,163059,127436
기초연금,"2024-04",울산광역시,118337,92208
기초연금,"2024-04",세종특별자치시,23987,18825
기초연금,"2024-04",경기도,1351299,1061841
기초연금,"2024-04",충청북도,241402,187569
기초연금,"2024-04",충청남도,336418,260019
기초연금,"2024-04",전라남도,376768,293579
기초연금,"2024-04",경상북도,483177,373714
기초연금,"2024-04",경상남도,498721,391542
기초연금,"2024-04",제주특별자치도,75763,60668
기초연금,"2024-04",강원특별자치도,257528,202187
기초연금,"2024-04",전북특별자치도,320022,249225
기초연금,"2024-05",서울특별시,968019,759176
기초연금,"2024-05",부산광역시,544812,422113
기초연금,"2024-05",대구광역시,334963,260174
기초연금,"2024-05",인천광역시,368193,288716
기초연금,"2024-05",광주광역시,158691,124039
기초연금,"2024-05",대전광역시,163089,127471
기초연금,"2024-05",울산광역시,118460,92293
기초연금,"2024-05",세종특별자치시,24015,18843
기초연금,"2024-05",경기도,1357293,1066151
기초연금,"2024-05",충청북도,241313,187544
기초연금,"2024-05",충청남도,336945,260435
기초연금,"2024-05",전라남도,376036,293035
기초연금,"2024-05",경상북도,483080,373616
기초연금,"2024-05",경상남도,499567,392210
기초연금,"2024-05",제주특별자치도,75635,60593
기초연금,"2024-05",강원특별자치도,257652,202250
기초연금,"2024-05",전북특별자치도,319649,248936
기초연금,"2024-06",서울특별시,969011,759913
기초연금,"2024-06",부산광역시,545515,422622
기초연금,"2024-06",대구광역시,336059,260948
기초연금,"2024-06",인천광역시,369421,289686
기초연금,"2024-06",광주광역시,159027,124293
기초연금,"2024-06",대전광역시,163509,127807
기초연금,"2024-06",울산광역시,118891,92629
기초연금,"2024-06",세종특별자치시,24018,18841
기초연금,"2024-06",경기도,1361422,1069185
기초연금,"2024-06",충청북도,240870,187249
기초연금,"2024-06",충청남도,336471,260198
기초연금,"2024-06",전라남도,376339,293277
기초연금,"2024-06",경상북도,483043,373608
기초연금,"2024-06",경상남도,500126,392652
기초연금,"2024-06",제주특별자치도,75468,60487
기초연금,"2024-06",강원특별자치도,258030,202554
기초연금,"2024-06",전북특별자치도,319927,249126
기초연금,"2024-07",서울특별시,970394,761020
기초연금,"2024-07",부산광역시,546419,423328
기초연금,"2024-07",대구광역시,337076,261669
기초연금,"2024-07",인천광역시,370529,290478
기초연금,"2024-07",광주광역시,159339,124502
기초연금,"2024-07",대전광역시,163808,128022
기초연금,"2024-07",울산광역시,119158,92780
기초연금,"2024-07",세종특별자치시,24011,18836
기초연금,"2024-07",경기도,1366284,1072852
기초연금,"2024-07",충청북도,241267,187480
기초연금,"2024-07",충청남도,336933,260605
기초연금,"2024-07",전라남도,376459,293344
기초연금,"2024-07",경상북도,483458,373934
기초연금,"2024-07",경상남도,500887,393168
기초연금,"2024-07",제주특별자치도,75703,60677
기초연금,"2024-07",강원특별자치도,258188,202661
기초연금,"2024-07",전북특별자치도,320058,249241
기초연금,"2024-08",서울특별시,972638,762792
기초연금,"2024-08",부산광역시,547950,424421
기초연금,"2024-08",대구광역시,338221,262502
기초연금,"2024-08",인천광역시,372391,291868
기초연금,"2024-08",광주광역시,159872,124931
기초연금,"2024-08",대전광역시,164219,128348
기초연금,"2024-08",울산광역시,119554,93096
기초연금,"2024-08",세종특별자치시,24037,18844
기초연금,"2024-08",경기도,1372699,1077697
기초연금,"2024-08",충청북도,242019,188029
기초연금,"2024-08",충청남도,337930,261369
기초연금,"2024-08",전라남도,377035,293789
기초연금,"2024-08",경상북도,484616,374745
기초연금,"2024-08",경상남도,502211,394162
기초연금,"2024-08",제주특별자치도,75809,60761
기초연금,"2024-08",강원특별자치도,259027,203251
기초연금,"2024-08",전북특별자치도,320340,249431
기초연금,"2024-09",서울특별시,975332,764833
기초연금,"2024-09",부산광역시,549288,425367
기초연금,"2024-09",대구광역시,339368,263254
기초연금,"2024-09",인천광역시,373952,292970
기초연금,"2024-09",광주광역시,160438,125339
기초연금,"2024-09",대전광역시,164764,128736
기초연금,"2024-09",울산광역시,119949,93371
기초연금,"2024-09",세종특별자치시,24118,18896
기초연금,"2024-09",경기도,1378308,1081862
기초연금,"2024-09",충청북도,242621,188478
기초연금,"2024-09",충청남도,338772,261979
기초연금,"2024-09",전라남도,377529,294065
기초연금,"2024-09",경상북도,485565,375476
기초연금,"2024-09",경상남도,503785,395262
기초연금,"2024-09",제주특별자치도,76068,60989
기초연금,"2024-09",강원특별자치도,259487,203602
기초연금,"2024-09",전북특별자치도,320963,249848
기초연금,"2024-10",서울특별시,976631,765888
기초연금,"2024-10",부산광역시,549503,425498
기초연금,"2024-10",대구광역시,339927,263671
기초연금,"2024-10",인천광역시,375606,294227
기초연금,"2024-10",광주광역시,160955,125706
기초연금,"2024-10",대전광역시,165173,129045
기초연금,"2024-10",울산광역시,120163,93533
기초연금,"2024-10",세종특별자치시,24178,18954
기초연금,"2024-10",경기도,1381855,1084729
기초연금,"2024-10",충청북도,242792,188623
기초연금,"2024-10",충청남도,338749,261991
기초연금,"2024-10",전라남도,377267,293852
기초연금,"2024-10",경상북도,485420,375428
기초연금,"2024-10",경상남도,504119,395465
기초연금,"2024-10",제주특별자치도,76293,61157
기초연금,"2024-10",강원특별자치도,259286,203434
기초연금,"2024-10",전북특별자치도,321403,250151
기초연금,"2024-11",서울특별시,977983,767007
기초연금,"2024-11",부산광역시,550647,426307
기초연금,"2024-11",대구광역시,340920,264420
기초연금,"2024-11",인천광역시,377125,295366
기초연금,"2024-11",광주광역시,161158,125844
기초연금,"2024-11",대전광역시,165415,129224
기초연금,"2024-11",울산광역시,120278,93633
기초연금,"2024-11",세종특별자치시,24163,18940
기초연금,"2024-11",경기도,1386741,1088436
기초연금,"2024-11",충청북도,243239,188948
기초연금,"2024-11",충청남도,339053,262296
기초연금,"2024-11",전라남도,377230,293831
기초연금,"2024-11",경상북도,485781,375705
기초연금,"2024-11",경상남도,505098,396219
기초연금,"2024-11",제주특별자치도,76360,61209
기초연금,"2024-11",강원특별자치도,259655,203714
기초연금,"2024-11",전북특별자치도,321441,250212
기초연금,"2024-12",서울특별시,979905,768574
기초연금,"2024-12",부산광역시,552439,427581
기초연금,"2024-12",대구광역시,342558,265521
기초연금,"2024-12",인천광역시,378506,296367
기초연금,"2024-12",광주광역시,161677,126212
기초연금,"2024-12",대전광역시,165962,129636
기초연금,"2024-12",울산광역시,120923,94108
기초연금,"2024-12",세종특별자치시,24311,19048
기초연금,"2024-12",경기도,1391210,1091751
기초연금,"2024-12",충청북도,243388,189070
기초연금,"2024-12",충청남도,339584,262680
기초연금,"2024-12",전라남도,377667,294105
기초연금,"2024-12",경상북도,487300,376641
기초연금,"2024-12",경상남도,506303,397078
기초연금,"2024-12",제주특별자치도,76379,61271
기초연금,"2024-12",강원특별자치도,260325,204162
기초연금,"2024-12",전북특별자치도,322064,250623
장애인연금,"2024-01",서울특별시,50138,49365
장애인연금,"2024-01",부산광역시,25450,25197
장애인연금,"2024-01",대구광역시,18038,17793
장애인연금,"2024-01",인천광역시,18707,18458
장애인연금,"2024-01",광주광역시,10758,10597
장애인연금,"2024-01",대전광역시,10648,10501
장애인연금,"2024-01",울산광역시,6351,6279
장애인연금,"2024-01",세종특별자치시,1471,1449
장애인연금,"2024-01",경기도,70471,69610
장애인연금,"2024-01",충청북도,14124,13880
장애인연금,"2024-01",충청남도,18234,17871
장애인연금,"2024-01",전라남도,20495,19924
장애인연금,"2024-01",경상북도,25244,24770
장애인연금,"2024-01",경상남도,26477,26031
장애인연금,"2024-01",제주특별자치도,5027,4970
장애인연금,"2024-01",강원특별자치도,13528,13273
장애인연금,"2024-01",전북특별자치도,19185,18787
장애인연금,"2024-02",서울특별시,50119,49352
장애인연금,"2024-02",부산광역시,25443,25189
장애인연금,"2024-02",대구광역시,18028,17785
장애인연금,"2024-02",인천광역시,18716,18466
장애인연금,"2024-02",광주광역시,10765,10603
장애인연금,"2024-02",대전광역시,10620,10474
장애인연금,"2024-02",울산광역시,6344,6272
장애인연금,"2024-02",세종특별자치시,1474,1452
장애인연금,"2024-02",경기도,70485,69628
장애인연금,"2024-02",충청북도,14113,13868
장애인연금,"2024-02",충청남도,18231,17872
장애인연금,"2024-02",전라남도,20464,19896
장애인연금,"2024-02",경상북도,25223,24751
장애인연금,"2024-02",경상남도,26464,26019
장애인연금,"2024-02",제주특별자치도,5025,4968
장애인연금,"2024-02",강원특별자치도,13513,13254
장애인연금,"2024-02",전북특별자치도,19171,18771
장애인연금,"2024-03",서울특별시,50187,49421
장애인연금,"2024-03",부산광역시,25461,25205
장애인연금,"2024-03",대구광역시,18027,17785
장애인연금,"2024-03",인천광역시,18735,18485
장애인연금,"2024-03",광주광역시,10782,10620
장애인연금,"2024-03",대전광역시,10617,10471
장애인연금,"2024-03",울산광역시,6374,6301
장애인연금,"2024-03",세종특별자치시,1474,1451
장애인연금,"2024-03",경기도,70455,69604
장애인연금,"2024-03",충청북도,14150,13906
장애인연금,"2024-03",충청남도,18214,17853
장애인연금,"2024-03",전라남도,20449,19880
장애인연금,"2024-03",경상북도,25235,24761
장애인연금,"2024-03",경상남도,26490,26047
장애인연금,"2024-03",제주특별자치도,5036,4977
장애인연금,"2024-03",강원특별자치도,13529,13273
장애인연금,"2024-03",전북특별자치도,19166,18766
장애인연금,"2024-04",서울특별시,50074,49305
장애인연금,"2024-04",부산광역시,25434,25177
장애인연금,"2024-04",대구광역시,18000,17759
장애인연금,"2024-04",인천광역시,18741,18491
장애인연금,"2024-04",광주광역시,10789,10624
장애인연금,"2024-04",대전광역시,10625,10474
장애인연금,"2024-04",울산광역시,6366,6298
장애인연금,"2024-04",세종특별자치시,1471,1449
장애인연금,"2024-04",경기도,70462,69613
장애인연금,"2024-04",충청북도,14130,13884
장애인연금,"2024-04",충청남도,18163,17800
장애인연금,"2024-04",전라남도,20347,19785
장애인연금,"2024-04",경상북도,25177,24701
장애인연금,"2024-04",경상남도,26460,26020
장애인연금,"2024-04",제주특별자치도,5032,4975
장애인연금,"2024-04",강원특별자치도,13518,13261
장애인연금,"2024-04",전북특별자치도,19159,18760
장애인연금,"2024-05",서울특별시,49955,49192
장애인연금,"2024-05",부산광역시,25360,25103
장애인연금,"2024-05",대구광역시,18004,17762
장애인연금,"2024-05",인천광역시,18733,18480
장애인연금,"2024-05",광주광역시,10798,10632
장애인연금,"2024-05",대전광역시,10610,10461
장애인연금,"2024-05",울산광역시,6377,6309
장애인연금,"2024-05",세종특별자치시,1457,1435
장애인연금,"2024-05",경기도,70500,69654
장애인연금,"2024-05",충청북도,14104,13858
장애인연금,"2024-05",충청남도,18142,17784
장애인연금,"2024-05",전라남도,20299,19738
장애인연금,"2024-05",경상북도,25174,24697
장애인연금,"2024-05",경상남도,26445,26006
장애인연금,"2024-05",제주특별자치도,5006,4950
장애인연금,"2024-05",강원특별자치도,13497,13243
장애인연금,"2024-05",전북특별자치도,19135,18737
장애인연금,"2024-06",서울특별시,49894,49131
장애인연금,"2024-06",부산광역시,25308,25050
장애인연금,"2024-06",대구광역시,18024,17781
장애인연금,"2024-06",인천광역시,18769,18519
장애인연금,"2024-06",광주광역시,10788,10623
장애인연금,"2024-06",대전광역시,10609,10460
장애인연금,"2024-06",울산광역시,6377,6309
장애인연금,"2024-06",세종특별자치시,1459,1438
장애인연금,"2024-06",경기도,70432,69591
장애인연금,"2024-06",충청북도,14094,13848
장애인연금,"2024-06",충청남도,18090,17736
장애인연금,"2024-06",전라남도,20257,19699
장애인연금,"2024-06",경상북도,25144,24669
장애인연금,"2024-06",경상남도,26399,25966
장애인연금,"2024-06",제주특별자치도,4996,4942
장애인연금,"2024-06",강원특별자치도,13461,13209
장애인연금,"2024-06",전북특별자치도,19087,18692
장애인연금,"2024-07",서울특별시,49792,49033
장애인연금,"2024-07",부산광역시,25268,25010
장애인연금,"2024-07",대구광역시,18021,17778
장애인연금,"2024-07",인천광역시,18798,18552
장애인연금,"2024-07",광주광역시,10773,10606
장애인연금,"2024-07",대전광역시,10575,10426
장애인연금,"2024-07",울산광역시,6383,6315
장애인연금,"2024-07",세종특별자치시,1466,1443
장애인연금,"2024-07",경기도,70423,69583
장애인연금,"2024-07",충청북도,14085,13842
장애인연금,"2024-07",충청남도,18058,17702
장애인연금,"2024-07",전라남도,20208,19655
장애인연금,"2024-07",경상북도,25113,24640
장애인연금,"2024-07",경상남도,26379,25945
장애인연금,"2024-07",제주특별자치도,4985,4931
장애인연금,"2024-07",강원특별자치도,13431,13181
장애인연금,"2024-07",전북특별자치도,19046,18649
장애인연금,"2024-08",서울특별시,49738,48979
장애인연금,"2024-08",부산광역시,25273,25016
장애인연금,"2024-08",대구광역시,18034,17791
장애인연금,"2024-08",인천광역시,18814,18568
장애인연금,"2024-08",광주광역시,10770,10604
장애인연금,"2024-08",대전광역시,10566,10417
장애인연금,"2024-08",울산광역시,6367,6298
장애인연금,"2024-08",세종특별자치시,1468,1445
장애인연금,"2024-08",경기도,70465,69632
장애인연금,"2024-08",충청북도,14081,13837
장애인연금,"2024-08",충청남도,18020,17666
장애인연금,"2024-08",전라남도,20157,19607
장애인연금,"2024-08",경상북도,25091,24620
장애인연금,"2024-08",경상남도,26345,25909
장애인연금,"2024-08",제주특별자치도,4998,4944
장애인연금,"2024-08",강원특별자치도,13400,13154
장애인연금,"2024-08",전북특별자치도,19018,18621
장애인연금,"2024-09",서울특별시,49673,48916
장애인연금,"2024-09",부산광역시,25261,25004
장애인연금,"2024-09",대구광역시,18054,17812
장애인연금,"2024-09",인천광역시,18819,18572
장애인연금,"2024-09",광주광역시,10781,10614
장애인연금,"2024-09",대전광역시,10571,10421
장애인연금,"2024-09",울산광역시,6369,6301
장애인연금,"2024-09",세종특별자치시,1473,1450
장애인연금,"2024-09",경기도,70493,69663
장애인연금,"2024-09",충청북도,14070,13829
장애인연금,"2024-09",충청남도,18013,17662
장애인연금,"2024-09",전라남도,20124,19573
장애인연금,"2024-09",경상북도,25074,24605
장애인연금,"2024-09",경상남도,26339,25906
장애인연금,"2024-09",제주특별자치도,4990,4936
장애인연금,"2024-09",강원특별자치도,13375,13128
장애인연금,"2024-09",전북특별자치도,18980,18584
장애인연금,"2024-10",서울특별시,49563,48810
장애인연금,"2024-10",부산광역시,25188,24933
장애인연금,"2024-10",대구광역시,17995,17755
장애인연금,"2024-10",인천광역시,18827,18581
장애인연금,"2024-10",광주광역시,10786,10620
장애인연금,"2024-10",대전광역시,10564,10413
장애인연금,"2024-10",울산광역시,6344,6277
장애인연금,"2024-10",세종특별자치시,1473,1450
장애인연금,"2024-10",경기도,70469,69639
장애인연금,"2024-10",충청북도,14042,13802
장애인연금,"2024-10",충청남도,17978,17633
장애인연금,"2024-10",전라남도,20090,19545
장애인연금,"2024-10",경상북도,25011,24546
장애인연금,"2024-10",경상남도,26274,25842
장애인연금,"2024-10",제주특별자치도,4972,4918
장애인연금,"2024-10",강원특별자치도,13353,13108
장애인연금,"2024-10",전북특별자치도,18942,18551
장애인연금,"2024-11",서울특별시,49447,48697
장애인연금,"2024-11",부산광역시,25148,24898
장애인연금,"2024-11",대구광역시,17966,17727
장애인연금,"2024-11",인천광역시,18821,18575
장애인연금,"2024-11",광주광역시,10772,10606
장애인연금,"2024-11",대전광역시,10543,10392
장애인연금,"2024-11",울산광역시,6343,6275
장애인연금,"2024-11",세종특별자치시,1482,1459
장애인연금,"2024-11",경기도,70491,69664
장애인연금,"2024-11",충청북도,14000,13762
장애인연금,"2024-11",충청남도,17962,17621
장애인연금,"2024-11",전라남도,20016,19476
장애인연금,"2024-11",경상북도,24938,24478
장애인연금,"2024-11",경상남도,26261,25834
장애인연금,"2024-11",제주특별자치도,4967,4913
장애인연금,"2024-11",강원특별자치도,13342,13098
장애인연금,"2024-11",전북특별자치도,18887,18502
장애인연금,"2024-12",서울특별시,49356,48610
장애인연금,"2024-12",부산광역시,25128,24881
장애인연금,"2024-12",대구광역시,17955,17716
장애인연금,"2024-12",인천광역시,18822,18578
장애인연금,"2024-12",광주광역시,10777,10613
장애인연금,"2024-12",대전광역시,10535,10384
장애인연금,"2024-12",울산광역시,6329,6259
장애인연금,"2024-12",세종특별자치시,1480,1458
장애인연금,"2024-12",경기도,70501,69676
장애인연금,"2024-12",충청북도,13988,13752
장애인연금,"2024-12",충청남도,17952,17613
장애인연금,"2024-12",전라남도,19990,19449
장애인연금,"2024-12",경상북도,24872,24412
장애인연금,"2024-12",경상남도,26216,25790
장애인연금,"2024-12",제주특별자치도,4954,4899
장애인연금,"2024-12",강원특별자치도,13325,13081
장애인연금,"2024-12",전북특별자치도,18871,18484
